suite,query,new_ratio_ci,new_cand_on_base_on,old_cand_on_base_on,delta_cand_on_base_on,new_cand_on_cand_off,old_cand_on_cand_off,delta_cand_on_cand_off,coverage_equal
strjoin,strjoin_long_shuffled_hash_distinct_40000,"0.90x [0.84, 0.94]",0.9000,1.0720,-0.1720,0.9600,1.0280,-0.0680,True
tpch,tpch_clu__q22,"0.90x [0.82, 0.97]",0.9000,0.9700,-0.0700,0.9500,1.0300,-0.0800,True
layouts,count_all__f_sorted,"0.92x [0.88, 0.97]",0.9200,0.9200,+0.0000,0.9500,0.9100,+0.0400,True
strjoin,strjoin_int_broadcast_plain_40000,"0.92x [0.83, 1.01]",0.9200,1.0510,-0.1310,0.9700,0.9540,+0.0160,True
strjoin,strjoin_int_sort_merge_plain_100000,"0.92x [0.85, 1.00]",0.9200,0.9280,-0.0080,0.9900,0.8530,+0.1370,True
strjoin,strjoin_str_broadcast_plain_100000,"0.92x [0.85, 1.00]",0.9200,0.8910,+0.0290,0.9600,0.9080,+0.0520,True
tpch,tpch_nat__q20,"0.92x [0.86, 0.96]",0.9200,0.9700,-0.0500,0.9300,0.9600,-0.0300,True
join,join_inner__f_pos_deletes__dim_empty,"0.93x [0.82, 1.04]",0.9300,0.9620,-0.0320,0.8800,1.0841,-0.2041,True
layouts,count_all__f_partitioned,"0.93x [0.86, 1.00]",0.9300,0.9400,-0.0100,0.9400,0.9800,-0.0400,True
layouts,static_range__f_skewed,"0.93x [0.85, 1.03]",0.9300,0.9300,+0.0000,0.9900,0.9800,+0.0100,True
strjoin,strjoin_int_shuffled_hash_plain_100000,"0.93x [0.83, 1.04]",0.9300,1.0910,-0.1610,0.9100,1.0110,-0.1010,True
strjoin,strjoin_long_sort_merge_distinct_100000,"0.93x [0.86, 1.00]",0.9300,1.0500,-0.1200,0.9700,0.9930,-0.0230,True
join,join_inner__f_unsorted__dim_empty,"0.94x [0.88, 0.98]",0.9400,0.8822,+0.0578,0.9900,0.9308,+0.0592,True
layouts,count_all__f_skewed,"0.94x [0.89, 0.99]",0.9400,0.9800,-0.0400,0.9700,1.0100,-0.0400,True
layouts,count_all__f_wide,"0.94x [0.90, 1.00]",0.9400,0.9500,-0.0100,0.9800,0.9700,+0.0100,True
layouts,static_range__f_big,"0.94x [0.88, 1.02]",0.9400,0.9800,-0.0400,0.9500,1.0000,-0.0500,True
layouts,static_range__f_sorted,"0.94x [0.84, 1.03]",0.9400,0.9100,+0.0300,1.0200,0.9400,+0.0800,True
strjoin,strjoin_long_shuffled_hash_distinct_1000000,"0.94x [0.91, 0.97]",0.9400,0.9830,-0.0430,0.9700,0.9090,+0.0610,True
strjoin,strjoin_long_sort_merge_plain_500000,"0.94x [0.90, 0.98]",0.9400,0.9920,-0.0520,0.9700,0.9430,+0.0270,True
strjoin,strjoin_str_broadcast_plain_40000,"0.94x [0.89, 1.00]",0.9400,0.8920,+0.0480,0.9900,0.9410,+0.0490,True
strjoin,strjoin_str_shuffled_hash_distinct_500000,"0.94x [0.92, 0.96]",0.9400,0.9940,-0.0540,0.9800,0.9940,-0.0140,True
strjoin,strjoin_str_shuffled_hash_plain_100000,"0.94x [0.89, 1.00]",0.9400,0.9800,-0.0400,0.9700,1.0360,-0.0660,True
strjoin,strjoin_str_shuffled_hash_plain_500000,"0.94x [0.91, 0.98]",0.9400,0.9260,+0.0140,0.9900,0.9760,+0.0140,True
strjoin,strjoin_str_sort_merge_plain_1000000,"0.94x [0.91, 0.97]",0.9400,0.9430,-0.0030,0.9900,0.9680,+0.0220,True
layouts,static_range__f_updated,"0.95x [0.92, 0.99]",0.9500,1.0000,-0.0500,0.9500,1.0000,-0.0500,True
strjoin,strjoin_int_shuffled_hash_distinct_1000,"0.95x [0.88, 1.02]",0.9500,1.0190,-0.0690,0.9800,0.9910,-0.0110,True
strjoin,strjoin_int_shuffled_hash_plain_1000000,"0.95x [0.89, 1.02]",0.9500,0.9680,-0.0180,1.0000,0.9960,+0.0040,True
strjoin,strjoin_str_shuffled_hash_distinct_40000,"0.95x [0.89, 1.01]",0.9500,0.9960,-0.0460,0.9500,0.9380,+0.0120,True
topk_minmax,both__f_long,"0.95x [0.90, 1.02]",0.9500,0.9975,-0.0475,0.9400,0.9542,-0.0142,True
topk_minmax,max__f_unsorted__filtered,"0.95x [0.89, 0.99]",0.9500,1.0335,-0.0835,0.9600,0.9793,-0.0193,True
tpch,tpch_nat__q19,"0.95x [0.91, 0.99]",0.9500,1.0000,-0.0500,1.0200,1.0600,-0.0400,True
join,join_inner__f_dec__dim_10k,"0.96x [0.93, 0.99]",0.9600,0.9979,-0.0379,0.9700,0.9884,-0.0184,True
join,join_inner__f_sorted__dim_empty,"0.96x [0.92, 1.01]",0.9600,1.1358,-0.1758,0.9400,0.9557,-0.0157,True
layouts,static_range__f_part_evolved,"0.96x [0.92, 1.00]",0.9600,0.9400,+0.0200,1.0200,1.0000,+0.0200,True
layouts,static_range__f_partitioned,"0.96x [0.88, 1.02]",0.9600,0.9600,+0.0000,0.9700,0.9500,+0.0200,True
layouts,static_range__f_wide,"0.96x [0.90, 1.02]",0.9600,0.9400,+0.0200,0.9600,0.9700,-0.0100,True
strjoin,strjoin_int_shuffled_hash_distinct_500000,"0.96x [0.91, 1.03]",0.9600,0.9890,-0.0290,0.9300,0.9260,+0.0040,True
strjoin,strjoin_int_sort_merge_distinct_100000,"0.96x [0.90, 1.02]",0.9600,1.0330,-0.0730,0.9800,0.9520,+0.0280,True
strjoin,strjoin_long_broadcast_distinct_40000,"0.96x [0.93, 0.99]",0.9600,1.1280,-0.1680,0.9700,1.0430,-0.0730,True
strjoin,strjoin_long_sort_merge_distinct_1000,"0.96x [0.92, 1.01]",0.9600,0.9770,-0.0170,1.0000,0.9870,+0.0130,True
strjoin,strjoin_str_broadcast_plain_1000,"0.96x [0.87, 1.05]",0.9600,1.0480,-0.0880,1.1200,1.0170,+0.1030,True
strjoin,strjoin_str_shuffled_hash_plain_1000,"0.96x [0.90, 1.02]",0.9600,1.0100,-0.0500,0.9800,0.9730,+0.0070,True
strjoin,strjoin_str_sort_merge_plain_500000,"0.96x [0.91, 1.02]",0.9600,0.8930,+0.0670,0.9800,0.8770,+0.1030,True
topk_minmax,both__f_nulls,"0.96x [0.93, 1.00]",0.9600,1.0709,-0.1109,1.0800,1.0011,+0.0789,True
tpch,tpch_clu__q18,"0.96x [0.93, 0.99]",0.9600,0.9900,-0.0300,0.9700,1.0000,-0.0300,True
join,join_inner__f_dec__dim_128,"0.97x [0.95, 1.00]",0.9700,0.9646,+0.0054,0.9700,0.9684,+0.0016,True
join,join_inner__f_nan__dim_128_spread,"0.97x [0.95, 0.99]",0.9700,0.9768,-0.0068,0.9700,0.9855,-0.0155,True
layouts,count_all__f_part_evolved,"0.97x [0.93, 1.02]",0.9700,0.9700,+0.0000,1.0000,0.9700,+0.0300,True
layouts,count_all__f_updated,"0.97x [0.93, 1.01]",0.9700,1.0200,-0.0500,0.9800,0.9900,-0.0100,True
strjoin,strjoin_int_broadcast_distinct_500000,"0.97x [0.93, 1.01]",0.9700,0.9970,-0.0270,0.9800,1.0020,-0.0220,True
strjoin,strjoin_int_shuffled_hash_distinct_100000,"0.97x [0.89, 1.05]",0.9700,0.8260,+0.1440,0.9800,0.8310,+0.1490,True
strjoin,strjoin_int_shuffled_hash_plain_10000,"0.97x [0.88, 1.07]",0.9700,1.0220,-0.0520,0.9200,0.9520,-0.0320,True
strjoin,strjoin_int_shuffled_hash_plain_500000,"0.97x [0.88, 1.03]",0.9700,1.0560,-0.0860,0.9500,0.9750,-0.0250,True
strjoin,strjoin_int_sort_merge_plain_10000,"0.97x [0.91, 1.03]",0.9700,1.0130,-0.0430,1.0300,0.9690,+0.0610,True
strjoin,strjoin_int_sort_merge_plain_1000000,"0.97x [0.89, 1.07]",0.9700,0.9940,-0.0240,0.9500,0.9960,-0.0460,True
strjoin,strjoin_long_broadcast_plain_3000000,"0.97x [0.93, 1.02]",0.9700,0.9640,+0.0060,0.9600,0.9780,-0.0180,True
strjoin,strjoin_long_shuffled_hash_distinct_3000000,"0.97x [0.91, 1.02]",0.9700,0.9730,-0.0030,0.9400,0.9800,-0.0400,True
strjoin,strjoin_long_shuffled_hash_plain_10000,"0.97x [0.96, 0.99]",0.9700,1.0240,-0.0540,0.9900,0.9650,+0.0250,True
strjoin,strjoin_long_sort_merge_distinct_40000,"0.97x [0.89, 1.05]",0.9700,0.9650,+0.0050,0.9900,0.9730,+0.0170,True
strjoin,strjoin_long_sort_merge_plain_10000,"0.97x [0.90, 1.04]",0.9700,0.9360,+0.0340,1.0200,0.9620,+0.0580,True
strjoin,strjoin_str_shuffled_hash_plain_40000,"0.97x [0.94, 1.00]",0.9700,1.0120,-0.0420,1.0000,0.9710,+0.0290,True
strjoin,strjoin_str_sort_merge_distinct_1000000,"0.97x [0.95, 0.99]",0.9700,0.9400,+0.0300,1.0100,0.9990,+0.0110,True
strjoin,strjoin_str_sort_merge_plain_100000,"0.97x [0.93, 1.02]",0.9700,1.0030,-0.0330,1.0000,0.9410,+0.0590,True
topk_minmax,both__f_overlap,"0.97x [0.89, 1.04]",0.9700,1.0165,-0.0465,1.0000,0.9872,+0.0128,True
tpch,tpch_clu__q02,"0.97x [0.91, 1.05]",0.9700,0.9900,-0.0200,1.0000,0.9600,+0.0400,True
tpch,tpch_clu__q12,"0.97x [0.90, 1.06]",0.9700,0.9900,-0.0200,1.0400,0.9800,+0.0600,True
tpch,tpch_clu__q20,"0.97x [0.90, 1.04]",0.9700,0.9700,+0.0000,0.9600,1.0000,-0.0400,True
tpch,tpch_nat__q03,"0.97x [0.94, 0.99]",0.9700,0.9700,+0.0000,0.9600,1.0100,-0.0500,True
tpch,tpch_nat__q06,"0.97x [0.89, 1.07]",0.9700,1.0300,-0.0600,1.0200,1.0000,+0.0200,True
join,join_anti__f_sorted__dim_128,"0.98x [0.92, 1.04]",0.9800,0.9654,+0.0146,0.9600,0.9584,+0.0016,True
join,join_inner__f_str__dim_10k,"0.98x [0.96, 1.00]",0.9800,0.9349,+0.0451,0.9800,0.9206,+0.0594,True
join,join_inner__f_unsorted__dim_10pct,"0.98x [0.96, 0.99]",0.9800,0.9574,+0.0226,0.9400,0.9552,-0.0152,True
join,join_shuffled_hash__f_sorted__dim_128,"0.98x [0.95, 1.00]",0.9800,0.9974,-0.0174,0.9800,0.8296,+0.1504,True
layouts,static_range__f_evolved,"0.98x [0.94, 1.03]",0.9800,0.9700,+0.0100,0.9800,1.0000,-0.0200,True
layouts,static_range__f_many_files,"0.98x [0.91, 1.04]",0.9800,0.9200,+0.0600,1.0700,0.9400,+0.1300,False
strjoin,strjoin_int_broadcast_plain_1000000,"0.98x [0.96, 1.01]",0.9800,0.9830,-0.0030,0.9600,0.9260,+0.0340,True
strjoin,strjoin_int_shuffled_hash_plain_1000,"0.98x [0.91, 1.05]",0.9800,0.9980,-0.0180,0.9700,0.9950,-0.0250,True
strjoin,strjoin_int_sort_merge_distinct_500000,"0.98x [0.88, 1.07]",0.9800,0.9750,+0.0050,0.9700,0.9770,-0.0070,True
strjoin,strjoin_long_shuffled_hash_distinct_1000,"0.98x [0.94, 1.03]",0.9800,0.9440,+0.0360,0.9900,0.9460,+0.0440,True
strjoin,strjoin_long_shuffled_hash_distinct_500000,"0.98x [0.93, 1.02]",0.9800,0.9850,-0.0050,1.0300,0.9390,+0.0910,True
strjoin,strjoin_long_shuffled_hash_plain_100000,"0.98x [0.93, 1.02]",0.9800,0.9110,+0.0690,1.0800,0.9550,+0.1250,True
strjoin,strjoin_long_shuffled_hash_plain_3000000,"0.98x [0.95, 1.02]",0.9800,0.9560,+0.0240,0.9800,0.9410,+0.0390,True
strjoin,strjoin_str_sort_merge_distinct_10000,"0.98x [0.94, 1.04]",0.9800,1.0330,-0.0530,0.9500,1.0120,-0.0620,True
topk_minmax,min_grouped__f_sorted,"0.98x [0.86, 1.10]",0.9800,1.0400,-0.0600,0.9700,1.0187,-0.0487,True
tpch,tpch_clu__q05,"0.98x [0.97, 1.00]",0.9800,0.9900,-0.0100,1.0000,1.0000,+0.0000,True
tpch,tpch_clu__q15_1,"0.98x [0.90, 1.07]",0.9800,0.9500,+0.0300,1.0000,0.9700,+0.0300,True
tpch,tpch_nat__q01,"0.98x [0.96, 1.00]",0.9800,0.9900,-0.0100,0.9900,1.0000,-0.0100,True
tpch,tpch_nat__q05,"0.98x [0.96, 1.01]",0.9800,0.9700,+0.0100,1.0100,1.0000,+0.0100,True
tpch,tpch_nat__q17,"0.98x [0.95, 1.00]",0.9800,0.9800,+0.0000,1.0000,0.9900,+0.0100,True
join,join_inner__f_sorted__dim_all,"0.99x [0.96, 1.03]",0.9900,1.1608,-0.1708,0.9700,1.0278,-0.0578,True
layouts,count_all__f_big,"0.99x [0.95, 1.03]",0.9900,0.9700,+0.0200,0.9900,0.9600,+0.0300,True
layouts,max__f_evolved,"0.99x [0.95, 1.05]",0.9900,1.1100,-0.1200,0.9800,1.0900,-0.1100,True
strjoin,strjoin_int_broadcast_plain_500000,"0.99x [0.95, 1.04]",0.9900,0.8920,+0.0980,1.0000,0.8930,+0.1070,True
strjoin,strjoin_int_sort_merge_plain_1000,"0.99x [0.89, 1.14]",0.9900,0.9720,+0.0180,1.0300,0.9510,+0.0790,True
strjoin,strjoin_int_sort_merge_plain_3000000,"0.99x [0.91, 1.07]",0.9900,1.0000,-0.0100,0.9600,0.9750,-0.0150,True
strjoin,strjoin_long_broadcast_distinct_1000000,"0.99x [0.95, 1.02]",0.9900,0.9610,+0.0290,0.9900,0.9920,-0.0020,True
strjoin,strjoin_long_broadcast_plain_500000,"0.99x [0.90, 1.10]",0.9900,0.9360,+0.0540,0.9900,0.9040,+0.0860,True
strjoin,strjoin_long_sort_merge_distinct_3000000,"0.99x [0.90, 1.11]",0.9900,0.9770,+0.0130,0.9900,0.9840,+0.0060,True
strjoin,strjoin_long_sort_merge_plain_1000,"0.99x [0.94, 1.03]",0.9900,1.0440,-0.0540,1.0000,0.9850,+0.0150,True
strjoin,strjoin_long_sort_merge_plain_1000000,"0.99x [0.93, 1.04]",0.9900,0.9450,+0.0450,0.9900,0.9440,+0.0460,True
strjoin,strjoin_str_shuffled_hash_distinct_1000,"0.99x [0.95, 1.04]",0.9900,0.9410,+0.0490,1.0100,0.9240,+0.0860,True
strjoin,strjoin_str_sort_merge_distinct_1000,"0.99x [0.96, 1.03]",0.9900,0.9930,-0.0030,1.0000,1.0290,-0.0290,True
strjoin,strjoin_str_sort_merge_plain_1000,"0.99x [0.90, 1.08]",0.9900,0.9610,+0.0290,0.9700,0.9560,+0.0140,True
topk_minmax,topk100_filtered__f_sorted,"0.99x [0.98, 1.01]",0.9900,1.0141,-0.0241,0.9900,0.9907,-0.0007,True
topk_minmax,topk10_by_payload__f_unsorted,"0.99x [0.98, 1.01]",0.9900,1.0127,-0.0227,1.0000,1.0015,-0.0015,True
tpch,tpch_clu__q01,"0.99x [0.97, 1.02]",0.9900,0.9600,+0.0300,0.9800,0.9700,+0.0100,True
tpch,tpch_clu__q04,"0.99x [0.97, 1.02]",0.9900,0.9900,+0.0000,1.0100,0.9900,+0.0200,True
tpch,tpch_clu__q14,"0.99x [0.90, 1.09]",0.9900,0.9300,+0.0600,1.0100,0.9900,+0.0200,True
tpch,tpch_clu__q17,"0.99x [0.98, 1.02]",0.9900,1.0000,-0.0100,0.9900,1.0200,-0.0300,True
tpch,tpch_nat__q09,"0.99x [0.98, 1.00]",0.9900,0.9900,+0.0000,0.9900,0.9700,+0.0200,True
tpch,tpch_nat__q14,"0.99x [0.93, 1.05]",0.9900,0.9200,+0.0700,0.9900,0.9700,+0.0200,True
tpch,tpch_nat__q16,"0.99x [0.95, 1.04]",0.9900,1.0200,-0.0300,0.9600,1.0400,-0.0800,True
tpch,tpch_nat__q18,"0.99x [0.98, 1.01]",0.9900,0.9800,+0.0100,1.0000,1.0000,+0.0000,True
join,join_inner__f_nan__dim_128,"1.00x [0.98, 1.03]",1.0000,1.0008,-0.0008,0.9900,0.9865,+0.0035,True
strjoin,strjoin_int_broadcast_plain_3000000,"1.00x [0.98, 1.03]",1.0000,0.9920,+0.0080,1.0100,1.0120,-0.0020,True
strjoin,strjoin_long_broadcast_distinct_500000,"1.00x [0.93, 1.07]",1.0000,1.0020,-0.0020,0.9800,1.0070,-0.0270,True
strjoin,strjoin_long_broadcast_plain_1000,"1.00x [0.92, 1.10]",1.0000,1.0340,-0.0340,0.9700,1.0510,-0.0810,True
strjoin,strjoin_long_shuffled_hash_plain_1000,"1.00x [0.94, 1.07]",1.0000,0.9770,+0.0230,0.9400,0.9910,-0.0510,True
strjoin,strjoin_long_shuffled_hash_plain_40000,"1.00x [0.96, 1.03]",1.0000,1.0360,-0.0360,1.0000,0.9650,+0.0350,True
strjoin,strjoin_long_sort_merge_plain_100000,"1.00x [0.94, 1.07]",1.0000,1.0260,-0.0260,1.0300,0.9800,+0.0500,True
strjoin,strjoin_long_sort_merge_plain_3000000,"1.00x [0.89, 1.10]",1.0000,0.9370,+0.0630,1.0000,0.9330,+0.0670,True
strjoin,strjoin_str_shuffled_hash_distinct_3000000,"1.00x [0.95, 1.04]",1.0000,0.9790,+0.0210,1.0300,0.9540,+0.0760,True
strjoin,strjoin_str_sort_merge_distinct_100000,"1.00x [0.93, 1.07]",1.0000,1.0110,-0.0110,0.9900,0.9850,+0.0050,True
topk_minmax,both__f_nan,"1.00x [0.97, 1.04]",1.0000,1.0162,-0.0162,1.0100,0.9849,+0.0251,True
topk_minmax,both__f_pos_deletes,"1.00x [0.94, 1.07]",1.0000,1.0620,-0.0620,1.0200,1.0063,+0.0137,True
topk_minmax,both__f_str,"1.00x [0.98, 1.03]",1.0000,1.0584,-0.0584,1.0200,0.9659,+0.0541,True
topk_minmax,topk10_by_id1__f_sorted,"1.00x [0.99, 1.02]",1.0000,1.0119,-0.0119,0.9900,1.0064,-0.0164,True
topk_minmax,topk10_desc__f_str,"1.00x [0.99, 1.01]",1.0000,1.0065,-0.0065,1.0100,0.9943,+0.0157,True
tpch,tpch_clu__q07,"1.00x [0.98, 1.03]",1.0000,1.0000,+0.0000,1.0100,1.0100,+0.0000,True
tpch,tpch_clu__q09,"1.00x [0.98, 1.02]",1.0000,0.9900,+0.0100,1.0000,0.9800,+0.0200,True
tpch,tpch_clu__q19,"1.00x [0.97, 1.04]",1.0000,1.0100,-0.0100,1.0300,1.0100,+0.0200,True
tpch,tpch_nat__q02,"1.00x [0.95, 1.06]",1.0000,0.9200,+0.0800,1.0200,0.9400,+0.0800,True
tpch,tpch_nat__q10,"1.00x [0.97, 1.02]",1.0000,0.9900,+0.0100,1.0000,1.0200,-0.0200,True
tpch,tpch_nat__q22,"1.00x [0.98, 1.03]",1.0000,0.9700,+0.0300,1.0300,1.0100,+0.0200,True
join,join_extra_predicate__f_sorted__dim_128,"1.01x [0.99, 1.03]",1.0100,0.9617,+0.0483,1.0100,0.9609,+0.0491,True
join,join_inner__f_dec__dim_128_spread,"1.01x [1.00, 1.02]",1.0100,1.0039,+0.0061,1.0100,0.9891,+0.0209,True
join,join_inner__f_nan__dim_10k,"1.01x [0.99, 1.02]",1.0100,0.9798,+0.0302,1.0100,0.9808,+0.0292,True
join,join_inner__f_sorted__dim_10k_spread,"1.01x [1.00, 1.03]",1.0100,1.0130,-0.0030,1.0100,1.0095,+0.0005,True
join,join_inner__f_str__dim_128,"1.01x [0.99, 1.02]",1.0100,0.9630,+0.0470,1.0100,0.9786,+0.0314,True
join,join_inner__f_str__dim_128_spread,"1.01x [0.99, 1.02]",1.0100,1.0050,+0.0050,1.0100,1.0041,+0.0059,True
strjoin,strjoin_int_shuffled_hash_plain_40000,"1.01x [0.97, 1.06]",1.0100,1.0190,-0.0090,0.9300,1.0140,-0.0840,True
strjoin,strjoin_int_sort_merge_distinct_1000,"1.01x [0.95, 1.07]",1.0100,0.9480,+0.0620,1.0200,0.9480,+0.0720,True
strjoin,strjoin_int_sort_merge_distinct_10000,"1.01x [0.94, 1.08]",1.0100,0.9150,+0.0950,0.9800,0.8860,+0.0940,True
strjoin,strjoin_int_sort_merge_distinct_1000000,"1.01x [0.93, 1.11]",1.0100,0.9950,+0.0150,1.0200,1.0090,+0.0110,True
strjoin,strjoin_long_broadcast_plain_100000,"1.01x [0.94, 1.08]",1.0100,0.9690,+0.0410,1.0200,1.0240,-0.0040,True
strjoin,strjoin_long_shuffled_hash_distinct_100000,"1.01x [0.94, 1.07]",1.0100,0.8890,+0.1210,0.9900,0.9340,+0.0560,True
strjoin,strjoin_long_shuffled_hash_plain_500000,"1.01x [0.95, 1.08]",1.0100,0.9410,+0.0690,1.0000,0.9650,+0.0350,True
strjoin,strjoin_long_sort_merge_distinct_500000,"1.01x [0.97, 1.05]",1.0100,1.0120,-0.0020,1.0000,1.0190,-0.0190,True
strjoin,strjoin_str_shuffled_hash_plain_1000000,"1.01x [0.96, 1.06]",1.0100,1.0230,-0.0130,0.9800,1.0070,-0.0270,True
strjoin,strjoin_str_sort_merge_plain_3000000,"1.01x [0.96, 1.06]",1.0100,1.0000,+0.0100,1.0100,0.9910,+0.0190,True
topk_minmax,count_all__f_sorted,"1.01x [0.96, 1.07]",1.0100,1.0382,-0.0282,1.0500,1.0492,+0.0008,True
topk_minmax,topk10__f_str,"1.01x [1.00, 1.04]",1.0100,0.9940,+0.0160,1.0000,0.9891,+0.0109,True
topk_minmax,topk10_desc_two_keys__f_nan,"1.01x [0.99, 1.02]",1.0100,1.0183,-0.0083,1.0100,1.0042,+0.0058,True
tpch,tpch_clu__q03,"1.01x [0.96, 1.06]",1.0100,0.9800,+0.0300,0.9500,1.0000,-0.0500,True
tpch,tpch_clu__q06,"1.01x [0.93, 1.10]",1.0100,0.9600,+0.0500,0.9700,0.9700,+0.0000,True
tpch,tpch_clu__q08,"1.01x [0.98, 1.04]",1.0100,0.9800,+0.0300,0.9900,0.9500,+0.0400,True
tpch,tpch_clu__q16,"1.01x [0.98, 1.05]",1.0100,0.9500,+0.0600,0.9900,0.9900,+0.0000,True
tpch,tpch_clu__q21,"1.01x [1.01, 1.02]",1.0100,1.0100,+0.0000,1.0000,1.0000,+0.0000,True
tpch,tpch_nat__q04,"1.01x [0.97, 1.05]",1.0100,0.9900,+0.0200,0.9900,1.0000,-0.0100,True
tpch,tpch_nat__q07,"1.01x [0.98, 1.03]",1.0100,0.9900,+0.0200,0.9900,0.9700,+0.0200,True
tpch,tpch_nat__q21,"1.01x [1.00, 1.02]",1.0100,1.0200,-0.0100,1.0000,1.0000,+0.0000,True
join,join_sort_merge__f_sorted__dim_128,"1.02x [0.95, 1.10]",1.0200,1.1079,-0.0879,1.0500,1.0040,+0.0460,True
layouts,count_all__f_small_rg,"1.02x [0.98, 1.07]",1.0200,0.9700,+0.0500,1.0000,1.0100,-0.0100,True
layouts,min__f_evolved,"1.02x [0.96, 1.08]",1.0200,1.0500,-0.0300,1.1200,1.0600,+0.0600,True
layouts,static_range__f_small_rg,"1.02x [0.97, 1.06]",1.0200,1.0000,+0.0200,0.9900,1.0000,-0.0100,True
strjoin,strjoin_int_shuffled_hash_distinct_10000,"1.02x [1.00, 1.06]",1.0200,1.0030,+0.0170,1.0600,0.9890,+0.0710,True
strjoin,strjoin_int_shuffled_hash_distinct_1000000,"1.02x [0.97, 1.08]",1.0200,0.8950,+0.1250,1.0000,0.9160,+0.0840,True
strjoin,strjoin_int_shuffled_hash_distinct_3000000,"1.02x [0.95, 1.09]",1.0200,0.9870,+0.0330,0.9900,0.9680,+0.0220,True
strjoin,strjoin_int_shuffled_hash_plain_3000000,"1.02x [0.99, 1.05]",1.0200,0.9750,+0.0450,1.0500,0.9440,+0.1060,True
strjoin,strjoin_int_sort_merge_distinct_40000,"1.02x [0.92, 1.13]",1.0200,1.0250,-0.0050,1.0100,1.0350,-0.0250,True
strjoin,strjoin_long_broadcast_distinct_10000,"1.02x [0.88, 1.19]",1.0200,1.0430,-0.0230,0.9900,1.0590,-0.0690,True
strjoin,strjoin_long_broadcast_plain_1000000,"1.02x [0.96, 1.08]",1.0200,0.9530,+0.0670,1.0100,0.9500,+0.0600,True
strjoin,strjoin_long_broadcast_plain_40000,"1.02x [0.95, 1.11]",1.0200,0.9380,+0.0820,1.0600,0.9290,+0.1310,True
strjoin,strjoin_long_sort_merge_distinct_10000,"1.02x [1.00, 1.04]",1.0200,0.9630,+0.0570,0.9700,0.9660,+0.0040,True
strjoin,strjoin_long_sort_merge_plain_40000,"1.02x [0.97, 1.06]",1.0200,0.9550,+0.0650,1.0200,0.9970,+0.0230,True
strjoin,strjoin_str_broadcast_distinct_1000,"1.02x [0.92, 1.12]",1.0200,0.9900,+0.0300,0.9900,1.0030,-0.0130,True
strjoin,strjoin_str_broadcast_plain_10000,"1.02x [0.99, 1.07]",1.0200,1.0060,+0.0140,1.0500,0.8890,+0.1610,True
strjoin,strjoin_str_broadcast_plain_3000000,"1.02x [0.99, 1.05]",1.0200,0.9610,+0.0590,1.0200,0.9510,+0.0690,True
strjoin,strjoin_str_shuffled_hash_distinct_10000,"1.02x [0.94, 1.11]",1.0200,1.0070,+0.0130,1.0100,0.9670,+0.0430,True
strjoin,strjoin_str_shuffled_hash_distinct_1000000,"1.02x [0.96, 1.12]",1.0200,1.0110,+0.0090,1.0300,1.0110,+0.0190,True
strjoin,strjoin_str_shuffled_hash_plain_10000,"1.02x [0.95, 1.11]",1.0200,0.9650,+0.0550,0.9500,0.9430,+0.0070,True
strjoin,strjoin_str_sort_merge_distinct_3000000,"1.02x [0.98, 1.06]",1.0200,0.9720,+0.0480,1.0200,0.9830,+0.0370,True
topk_minmax,both__f_date,"1.02x [0.95, 1.09]",1.0200,1.0382,-0.0182,0.9800,1.0179,-0.0379,True
topk_minmax,topk100_filtered__f_unsorted,"1.02x [1.00, 1.04]",1.0200,1.0068,+0.0132,1.0100,0.9928,+0.0172,True
tpch,tpch_clu__q11,"1.02x [0.94, 1.10]",1.0200,1.0100,+0.0100,1.0300,0.9900,+0.0400,True
tpch,tpch_nat__q08,"1.02x [0.98, 1.05]",1.0200,0.9500,+0.0700,0.9800,0.9300,+0.0500,True
tpch,tpch_nat__q11,"1.02x [0.99, 1.05]",1.0200,1.0200,+0.0000,1.0100,0.9900,+0.0200,True
tpch,tpch_nat__q13,"1.02x [0.97, 1.08]",1.0200,0.9800,+0.0400,1.0100,0.9700,+0.0400,True
tpch,tpch_nat__q15_1,"1.02x [0.99, 1.05]",1.0200,0.9800,+0.0400,1.0100,1.0000,+0.0100,True
join,join_inner__f_pos_deletes__dim_all,"1.03x [1.01, 1.06]",1.0300,1.0896,-0.0596,1.0100,1.0049,+0.0051,True
layouts,count_all__f_evolved,"1.03x [0.97, 1.09]",1.0300,0.8800,+0.1500,1.0400,0.8800,+0.1600,True
strjoin,strjoin_int_sort_merge_plain_500000,"1.03x [0.97, 1.08]",1.0300,0.9750,+0.0550,1.0100,1.0540,-0.0440,True
strjoin,strjoin_long_broadcast_distinct_3000000,"1.03x [0.97, 1.11]",1.0300,1.0030,+0.0270,0.9900,0.9740,+0.0160,True
strjoin,strjoin_str_broadcast_plain_500000,"1.03x [0.95, 1.12]",1.0300,0.9390,+0.0910,0.9700,0.9170,+0.0530,True
strjoin,strjoin_str_shuffled_hash_plain_3000000,"1.03x [0.97, 1.10]",1.0300,1.0110,+0.0190,1.0100,0.9920,+0.0180,True
strjoin,strjoin_str_sort_merge_distinct_40000,"1.03x [0.97, 1.10]",1.0300,0.9400,+0.0900,1.0100,0.9490,+0.0610,True
topk_minmax,both__f_unsorted,"1.03x [0.97, 1.09]",1.0300,1.0424,-0.0124,0.9900,1.0110,-0.0210,True
topk_minmax,min__f_sorted__filtered,"1.03x [0.95, 1.11]",1.0300,1.0350,-0.0050,0.9800,0.9919,-0.0119,True
topk_minmax,topk10_two_keys__f_nan,"1.03x [0.98, 1.08]",1.0300,1.0051,+0.0249,1.0000,1.0023,-0.0023,True
tpch,tpch_nat__q12,"1.03x [0.98, 1.08]",1.0300,0.9800,+0.0500,1.0100,0.9900,+0.0200,True
join,join_inner__f_unsorted__dim_all,"1.04x [1.00, 1.07]",1.0400,1.0517,-0.0117,1.0000,1.0277,-0.0277,True
strjoin,strjoin_int_broadcast_plain_1000,"1.04x [0.96, 1.13]",1.0400,0.9860,+0.0540,1.0000,0.9580,+0.0420,True
strjoin,strjoin_int_sort_merge_distinct_3000000,"1.04x [1.00, 1.10]",1.0400,0.9400,+0.1000,1.0100,0.9650,+0.0450,True
strjoin,strjoin_int_sort_merge_plain_40000,"1.04x [0.96, 1.14]",1.0400,1.0270,+0.0130,1.0800,0.9630,+0.1170,True
strjoin,strjoin_long_broadcast_distinct_1000,"1.04x [0.91, 1.23]",1.0400,1.0760,-0.0360,1.0100,1.0520,-0.0420,True
strjoin,strjoin_long_shuffled_hash_plain_1000000,"1.04x [0.96, 1.12]",1.0400,0.9690,+0.0710,1.0100,1.0150,-0.0050,True
strjoin,strjoin_str_broadcast_plain_1000000,"1.04x [0.99, 1.09]",1.0400,0.9710,+0.0690,0.9900,0.9470,+0.0430,True
strjoin,strjoin_str_shuffled_hash_distinct_100000,"1.04x [0.98, 1.10]",1.0400,0.9150,+0.1250,1.0500,0.8990,+0.1510,True
strjoin,strjoin_str_sort_merge_plain_10000,"1.04x [0.99, 1.09]",1.0400,0.9960,+0.0440,1.0400,0.9640,+0.0760,True
strjoin,strjoin_int_broadcast_distinct_1000000,"1.05x [1.00, 1.11]",1.0500,0.9810,+0.0690,1.0500,0.8930,+0.1570,True
strjoin,strjoin_int_broadcast_distinct_3000000,"1.05x [0.99, 1.10]",1.0500,1.0580,-0.0080,0.9900,0.9920,-0.0020,True
strjoin,strjoin_int_shuffled_hash_distinct_40000,"1.05x [0.96, 1.14]",1.0500,0.9800,+0.0700,1.0100,0.9630,+0.0470,True
tpch,tpch_clu__q10,"1.05x [1.01, 1.08]",1.0500,1.0000,+0.0500,1.0100,1.0000,+0.0100,True
tpch,tpch_clu__q13,"1.05x [1.00, 1.11]",1.0500,0.9700,+0.0800,1.0200,0.9800,+0.0400,True
strjoin,strjoin_int_broadcast_distinct_40000,"1.06x [1.00, 1.13]",1.0600,1.0580,+0.0020,1.1900,1.0740,+0.1160,True
strjoin,strjoin_long_broadcast_distinct_100000,"1.06x [0.98, 1.15]",1.0600,0.9580,+0.1020,1.1000,0.9910,+0.1090,True
strjoin,strjoin_str_sort_merge_distinct_500000,"1.06x [1.03, 1.11]",1.0600,1.0190,+0.0410,1.0500,0.9950,+0.0550,True
strjoin,strjoin_str_sort_merge_plain_40000,"1.06x [0.98, 1.15]",1.0600,1.0220,+0.0380,0.9800,0.9670,+0.0130,True
topk_minmax,topk10_two_keys__f_nulls,"1.06x [1.04, 1.08]",1.0600,1.0869,-0.0269,0.9900,0.9983,-0.0083,True
join,join_inner__f_unsorted__dim_10k,"1.07x [1.05, 1.10]",1.0700,1.0935,-0.0235,1.0700,1.0914,-0.0214,True
join,join_inner__f_unsorted__dim_1pct,"1.07x [1.05, 1.09]",1.0700,1.0866,-0.0166,1.0700,1.0863,-0.0163,True
strjoin,strjoin_int_broadcast_plain_100000,"1.07x [0.99, 1.15]",1.0700,0.9480,+0.1220,1.0900,1.0020,+0.0880,True
strjoin,strjoin_long_shuffled_hash_distinct_10000,"1.07x [1.02, 1.14]",1.0700,0.9600,+0.1100,1.0500,0.9170,+0.1330,True
strjoin,strjoin_str_broadcast_distinct_10000,"1.07x [0.94, 1.24]",1.0700,1.0290,+0.0410,0.9300,1.0260,-0.0960,True
topk_minmax,topk10_desc_nulls_first_two_keys__f_nulls,"1.07x [1.04, 1.09]",1.0700,1.0801,-0.0101,0.9900,1.0047,-0.0147,True
topk_minmax,both__f_sorted,"1.08x [1.01, 1.17]",1.0800,1.0333,+0.0467,0.9900,1.0031,-0.0131,True
strjoin,strjoin_int_broadcast_plain_10000,"1.09x [0.98, 1.22]",1.0900,0.9410,+0.1490,1.0300,0.9530,+0.0770,True
strjoin,strjoin_int_broadcast_distinct_100000,"1.10x [0.99, 1.20]",1.1000,0.9940,+0.1060,1.0200,1.0100,+0.0100,True
strjoin,strjoin_int_broadcast_distinct_10000,"1.11x [1.02, 1.20]",1.1100,1.1210,-0.0110,1.1500,1.1580,-0.0080,True
strjoin,strjoin_long_broadcast_plain_10000,"1.11x [1.03, 1.21]",1.1100,0.8620,+0.2480,1.0000,0.9010,+0.0990,True
layouts,max__f_updated,"1.12x [1.07, 1.16]",1.1200,1.1200,+0.0000,1.1500,1.2100,-0.0600,True
strjoin,strjoin_long_sort_merge_distinct_1000000,"1.12x [1.01, 1.30]",1.1200,1.0660,+0.0540,1.0600,0.9910,+0.0690,True
layouts,min__f_updated,"1.13x [1.08, 1.17]",1.1300,1.1000,+0.0300,1.1300,1.1000,+0.0300,True
layouts,max__f_skewed,"1.14x [1.05, 1.24]",1.1400,1.2200,-0.0800,1.1400,1.2700,-0.1300,True
topk_minmax,topk100_by_k2id_two_keys__f_sorted,"1.16x [1.14, 1.19]",1.1600,1.1534,+0.0066,1.0800,1.0752,+0.0048,True
strjoin,strjoin_int_broadcast_distinct_1000,"1.17x [1.08, 1.30]",1.1700,1.0740,+0.0960,1.2100,1.0610,+0.1490,True
layouts,min__f_skewed,"1.18x [1.06, 1.30]",1.1800,1.1600,+0.0200,1.1500,1.2300,-0.0800,True
layouts,max__f_small_rg,"1.20x [1.16, 1.24]",1.2000,1.2800,-0.0800,1.1900,1.3600,-0.1700,True
layouts,static_range__f_snapshots,"1.20x [1.17, 1.24]",1.2000,1.2000,+0.0000,1.0200,0.9700,+0.0500,False
layouts,count_all__f_many_files,"1.21x [1.14, 1.26]",1.2100,1.2000,+0.0100,0.9400,0.9400,+0.0000,False
layouts,min__f_partitioned,"1.21x [1.17, 1.26]",1.2100,1.3100,-0.1000,1.2600,1.3900,-0.1300,True
topk_minmax,topk1000__f_unsorted,"1.22x [1.20, 1.24]",1.2200,1.2276,-0.0076,1.1800,1.1992,-0.0192,True
layouts,min__f_part_evolved,"1.24x [1.19, 1.29]",1.2400,1.2800,-0.0400,1.2200,1.2400,-0.0200,True
layouts,max__f_part_evolved,"1.25x [1.21, 1.30]",1.2500,1.2900,-0.0400,1.3200,1.3100,+0.0100,True
layouts,max__f_partitioned,"1.25x [1.16, 1.36]",1.2500,1.2700,-0.0200,1.3000,1.3100,-0.0100,True
layouts,max__f_wide,"1.26x [1.17, 1.36]",1.2600,1.3600,-0.1000,1.2800,1.3600,-0.0800,True
layouts,max__f_sorted,"1.28x [1.16, 1.40]",1.2800,1.2500,+0.0300,1.2500,1.2700,-0.0200,True
layouts,min__f_sorted,"1.30x [1.22, 1.39]",1.3000,1.2700,+0.0300,1.3300,1.3600,-0.0300,True
layouts,min__f_small_rg,"1.31x [1.24, 1.37]",1.3100,1.3200,-0.0100,1.3400,1.3300,+0.0100,True
layouts,min__f_wide,"1.31x [1.26, 1.35]",1.3100,1.3600,-0.0500,1.3300,1.4400,-0.1100,True
topk_minmax,max__f_overlap,"1.38x [1.23, 1.53]",1.3800,1.8229,-0.4429,1.4600,1.8009,-0.3409,True
topk_minmax,both__f_reversed_files,"1.46x [1.38, 1.54]",1.4600,1.4479,+0.0121,1.0400,1.0119,+0.0281,False
topk_minmax,min__f_unsorted,"1.47x [1.37, 1.58]",1.4700,1.5385,-0.0685,1.4900,1.5810,-0.0910,True
topk_minmax,max__f_sorted,"1.49x [1.35, 1.62]",1.4900,1.6390,-0.1490,1.4600,1.6421,-0.1821,True
topk_minmax,min__f_sorted,"1.50x [1.42, 1.60]",1.5000,1.7008,-0.2008,1.4900,1.6017,-0.1117,True
join,join_inner__f_sorted__dim_50pct,"1.57x [1.53, 1.64]",1.5700,1.5655,+0.0045,1.5200,1.5037,+0.0163,True
topk_minmax,min__f_overlap,"1.59x [1.51, 1.69]",1.5900,1.7634,-0.1734,1.5700,1.7641,-0.1941,True
topk_minmax,max__f_pos_deletes,"1.61x [1.50, 1.76]",1.6100,1.7241,-0.1141,1.5500,1.6677,-0.1177,True
topk_minmax,min__f_pos_deletes,"1.65x [1.52, 1.78]",1.6500,1.7700,-0.1200,1.6500,1.7498,-0.0998,True
topk_minmax,max__f_unsorted,"1.69x [1.61, 1.77]",1.6900,1.6778,+0.0122,1.6700,1.6100,+0.0600,True
topk_minmax,topk100_id_only__f_sorted,"1.74x [1.50, 1.97]",1.7400,2.1985,-0.4585,1.3700,1.7371,-0.3671,True
topk_minmax,topk100000__f_unsorted,"1.83x [1.68, 2.00]",1.8300,1.8086,+0.0214,1.6200,1.8044,-0.1844,True
topk_minmax,min__f_reversed_files,"1.88x [1.72, 2.07]",1.8800,2.0523,-0.1723,1.4500,1.6252,-0.1752,False
topk_minmax,topk100000__f_overlap,"1.98x [1.94, 2.02]",1.9800,2.0799,-0.0999,1.8900,1.9675,-0.0775,True
layouts,count_all__f_snapshots,"2.10x [1.99, 2.21]",2.1000,2.2800,-0.1800,1.0200,0.9800,+0.0400,False
join,join_grouped__f_sorted__dim_128,"2.12x [1.97, 2.29]",2.1200,2.2958,-0.1758,2.0600,2.1966,-0.1366,True
layouts,max__f_many_files,"2.12x [1.99, 2.26]",2.1200,2.4000,-0.2800,1.6200,1.6600,-0.0400,False
layouts,min__f_big,"2.13x [1.93, 2.31]",2.1300,2.1300,+0.0000,2.0700,2.1300,-0.0600,True
layouts,max__f_big,"2.22x [2.12, 2.34]",2.2200,2.2700,-0.0500,2.2100,2.2600,-0.0500,True
layouts,min__f_snapshots,"2.42x [2.29, 2.57]",2.4200,2.8100,-0.3900,1.0200,1.0600,-0.0400,False
topk_minmax,topk100000__f_pos_deletes,"2.42x [2.33, 2.53]",2.4200,2.5065,-0.0865,2.2800,2.3045,-0.0245,True
topk_minmax,topk100000__f_sorted,"2.45x [2.27, 2.62]",2.4500,2.6089,-0.1589,2.2400,2.4378,-0.1978,True
topk_minmax,max__f_reversed_files,"2.46x [2.29, 2.62]",2.4600,2.1443,+0.3157,1.6200,1.6949,-0.0749,False
layouts,min__f_many_files,"2.48x [2.32, 2.66]",2.4800,2.4300,+0.0500,1.5700,1.7100,-0.1400,False
join,join_semi__f_sorted__dim_128,"2.76x [2.66, 2.85]",2.7600,3.1348,-0.3748,2.7300,3.1036,-0.3736,True
join,join_inner__f_pos_deletes__dim_10pct,"2.83x [2.68, 2.98]",2.8300,2.9741,-0.1441,2.8200,2.8694,-0.0494,True
join,join_inner__f_sorted__dim_10pct,"2.85x [2.74, 2.95]",2.8500,3.2868,-0.4368,2.8400,3.2237,-0.3837,True
join,join_semi__f_pos_deletes__dim_128,"2.92x [2.75, 3.12]",2.9200,3.1189,-0.1989,2.9400,3.0097,-0.0697,True
layouts,max__f_snapshots,"2.97x [2.77, 3.18]",2.9700,3.0000,-0.0300,1.0400,1.1200,-0.0800,False
join,join_inner__f_unsorted__dim_128,"3.11x [2.96, 3.24]",3.1100,3.5157,-0.4057,3.0900,3.5282,-0.4382,True
join,join_inner__f_unsorted__dim_128_spread,"3.36x [3.28, 3.43]",3.3600,3.4141,-0.0541,3.3500,3.5438,-0.1938,True
topk_minmax,topk100000__f_reversed_files,"3.41x [3.32, 3.52]",3.4100,3.6250,-0.2150,2.4300,2.5181,-0.0881,False
layouts,join_inner__f_small_rg__dim_10k,"3.55x [3.34, 3.75]",3.5500,4.0400,-0.4900,3.5400,3.9500,-0.4100,True
layouts,topk10__f_small_rg,"3.68x [3.43, 3.92]",3.6800,3.6000,+0.0800,3.3800,3.3100,+0.0700,True
join,join_inner__f_date__dim_128_spread,"3.70x [3.62, 3.77]",3.7000,3.7352,-0.0352,3.7200,3.9011,-0.1811,True
join,join_inner__f_long__dim_128_spread,"3.76x [3.64, 3.87]",3.7600,4.2520,-0.4920,3.7700,4.0663,-0.2963,True
layouts,topk10_two_keys__f_updated,"3.77x [3.58, 3.96]",3.7700,4.2000,-0.4300,3.6700,4.0100,-0.3400,True
topk_minmax,topk10_two_keys__f_unsorted,"3.80x [3.55, 4.02]",3.8000,4.4253,-0.6253,3.4200,4.1316,-0.7116,True
layouts,join_inner__f_small_rg__dim_128,"3.87x [3.57, 4.18]",3.8700,4.1800,-0.3100,3.7800,4.1200,-0.3400,True
topk_minmax,topk10__f_unsorted,"3.91x [3.78, 4.04]",3.9100,4.3114,-0.4014,3.7100,4.0208,-0.3108,True
layouts,topk10__f_evolved,"3.96x [3.82, 4.14]",3.9600,3.8200,+0.1400,3.5200,3.5200,+0.0000,True
layouts,topk10__f_part_evolved,"3.98x [3.76, 4.19]",3.9800,4.1100,-0.1300,3.7000,3.9600,-0.2600,True
layouts,topk10__f_wide,"4.02x [3.78, 4.23]",4.0200,4.5700,-0.5500,3.6000,4.0900,-0.4900,True
layouts,join_inner__f_part_evolved__dim_128,"4.05x [3.87, 4.25]",4.0500,4.2600,-0.2100,4.1000,4.2300,-0.1300,True
layouts,join_inner__f_part_evolved__dim_10k,"4.11x [3.93, 4.31]",4.1100,4.3000,-0.1900,4.1900,4.1700,+0.0200,True
layouts,topk1000_desc__f_partitioned,"4.16x [4.07, 4.26]",4.1600,4.1100,+0.0500,4.2100,4.2200,-0.0100,True
topk_minmax,topk10_desc__f_unsorted,"4.23x [4.04, 4.41]",4.2300,4.4138,-0.1838,3.8400,4.1741,-0.3341,True
layouts,join_inner__f_wide__dim_10k,"4.26x [4.03, 4.47]",4.2600,4.7200,-0.4600,4.2500,4.5700,-0.3200,True
layouts,join_inner__f_evolved__dim_10k,"4.38x [4.25, 4.50]",4.3800,4.7000,-0.3200,4.3500,4.7400,-0.3900,True
layouts,topk10_two_keys__f_skewed,"4.57x [4.37, 4.80]",4.5700,4.9000,-0.3300,4.2500,4.6400,-0.3900,True
join,join_inner__f_pos_deletes__dim_128_spread,"4.58x [4.48, 4.68]",4.5800,4.3724,+0.2076,4.5000,4.3353,+0.1647,True
layouts,join_inner__f_evolved__dim_128,"4.58x [4.37, 4.79]",4.5800,4.7000,-0.1200,4.5100,4.8200,-0.3100,True
layouts,topk10__f_sorted,"4.60x [4.45, 4.75]",4.6000,4.6400,-0.0400,4.1900,4.3300,-0.1400,True
layouts,join_inner__f_wide__dim_128,"4.61x [4.36, 4.90]",4.6100,4.8600,-0.2500,4.5700,4.7300,-0.1600,True
layouts,topk10__f_partitioned,"4.61x [4.39, 4.83]",4.6100,4.6200,-0.0100,4.2400,4.2600,-0.0200,True
layouts,join_inner__f_updated__dim_10k,"4.62x [4.42, 4.82]",4.6200,4.8300,-0.2100,4.6000,4.8200,-0.2200,True
layouts,join_inner__f_updated__dim_128,"4.68x [4.48, 4.88]",4.6800,4.8900,-0.2100,4.6100,4.9800,-0.3700,True
join,join_inner__f_sorted__dim_128_spread,"4.70x [4.53, 4.89]",4.7000,4.7624,-0.0624,4.5900,4.7916,-0.2016,True
layouts,topk1000_desc__f_evolved,"4.76x [4.38, 5.20]",4.7600,5.3300,-0.5700,5.0200,5.4900,-0.4700,True
layouts,topk1000_desc_two_keys__f_updated,"5.16x [4.93, 5.41]",5.1600,4.9700,+0.1900,5.1100,4.9800,+0.1300,True
layouts,join_inner__f_partitioned__dim_10k,"5.30x [5.11, 5.46]",5.3000,5.9200,-0.6200,5.3700,5.9500,-0.5800,True
layouts,join_inner__f_partitioned__dim_128,"5.38x [5.14, 5.59]",5.3800,6.2400,-0.8600,5.2600,6.2900,-1.0300,True
layouts,join_inner__f_sorted__dim_10k,"5.50x [5.20, 5.79]",5.5000,5.7800,-0.2800,5.3600,5.6900,-0.3300,True
layouts,join_inner__f_skewed__dim_10k,"5.58x [5.27, 5.90]",5.5800,6.5200,-0.9400,5.4900,6.4100,-0.9200,True
layouts,join_inner__f_sorted__dim_128,"5.63x [5.31, 5.93]",5.6300,6.3700,-0.7400,5.5300,6.2500,-0.7200,True
layouts,topk1000_desc__f_many_files,"5.76x [5.40, 6.13]",5.7600,6.5600,-0.8000,6.5800,7.7300,-1.1500,False
layouts,topk1000_desc__f_small_rg,"5.86x [5.55, 6.18]",5.8600,6.0900,-0.2300,5.9100,6.1800,-0.2700,True
layouts,join_inner__f_many_files__dim_10k,"5.89x [5.40, 6.49]",5.8900,6.6900,-0.8000,4.4900,5.2700,-0.7800,False
layouts,topk1000_desc__f_part_evolved,"5.90x [5.52, 6.27]",5.9000,5.9200,-0.0200,6.3000,6.2600,+0.0400,True
layouts,join_inner__f_skewed__dim_128,"5.97x [5.45, 6.51]",5.9700,6.2300,-0.2600,5.7200,6.3000,-0.5800,True
layouts,topk1000_desc__f_sorted,"6.01x [5.83, 6.20]",6.0100,5.9800,+0.0300,5.9300,6.0100,-0.0800,True
layouts,join_inner__f_many_files__dim_128,"6.05x [5.71, 6.40]",6.0500,6.9000,-0.8500,4.4100,5.3200,-0.9100,False
layouts,topk1000_desc__f_snapshots,"6.18x [5.88, 6.53]",6.1800,6.4900,-0.3100,5.3700,5.1900,+0.1800,False
topk_minmax,topk1__f_unsorted,"6.20x [5.67, 6.75]",6.2000,7.7571,-1.5571,5.5600,7.1857,-1.6257,True
topk_minmax,topk10__f_overlap,"6.34x [5.94, 6.64]",6.3400,7.5001,-1.1601,5.9400,6.8871,-0.9471,True
topk_minmax,topk10_two_keys__f_date,"6.66x [6.38, 6.92]",6.6600,7.6847,-1.0247,6.0400,6.8959,-0.8559,True
layouts,topk1000_desc__f_wide,"6.67x [6.44, 6.96]",6.6700,6.8400,-0.1700,6.5800,6.9100,-0.3300,True
topk_minmax,topk1000__f_overlap,"6.72x [6.44, 7.07]",6.7200,7.0830,-0.3630,6.2100,6.5443,-0.3343,True
layouts,join_inner__f_snapshots__dim_128,"6.77x [6.43, 7.06]",6.7700,7.4000,-0.6300,4.5600,4.8500,-0.2900,False
join,join_inner__f_eq_deletes__dim_128_spread,"6.90x [6.76, 7.06]",6.9000,7.7259,-0.8259,0.9900,1.0905,-0.1005,True
topk_minmax,topk10__f_pos_deletes,"6.92x [6.45, 7.45]",6.9200,9.1337,-2.2137,6.1000,8.3073,-2.2073,True
layouts,topk10__f_snapshots,"7.00x [6.82, 7.21]",7.0000,7.1500,-0.1500,3.2800,3.2500,+0.0300,False
layouts,join_inner__f_snapshots__dim_10k,"7.06x [6.85, 7.30]",7.0600,7.2200,-0.1600,4.4700,4.6800,-0.2100,False
layouts,topk1000_desc_two_keys__f_skewed,"7.25x [6.96, 7.51]",7.2500,7.0000,+0.2500,7.3300,7.2800,+0.0500,True
topk_minmax,topk10_desc_two_keys__f_date,"7.26x [6.98, 7.60]",7.2600,8.6477,-1.3877,6.9700,8.1408,-1.1708,True
topk_minmax,topk10_offset__f_sorted,"7.27x [6.64, 7.74]",7.2700,9.5795,-2.3095,6.4800,8.7360,-2.2560,True
topk_minmax,topk1__f_overlap,"7.36x [7.09, 7.64]",7.3600,8.5383,-1.1783,6.8000,7.9007,-1.1007,True
join,join_inner__f_pos_deletes__dim_10k,"7.74x [7.30, 8.19]",7.7400,10.5835,-2.8435,7.7100,10.5743,-2.8643,True
topk_minmax,topk10_desc__f_pos_deletes,"7.75x [7.40, 8.11]",7.7500,9.1235,-1.3735,8.2000,9.7484,-1.5484,True
join,join_inner__f_pos_deletes__dim_1pct,"7.78x [7.34, 8.26]",7.7800,8.3265,-0.5465,7.8000,8.2610,-0.4610,True
topk_minmax,topk1000__f_pos_deletes,"7.80x [7.35, 8.29]",7.8000,8.8811,-1.0811,6.9300,8.1090,-1.1790,True
topk_minmax,topk10__f_long,"7.97x [7.81, 8.11]",7.9700,8.9417,-0.9717,7.4000,8.1966,-0.7966,True
topk_minmax,topk10_nulls_last_two_keys__f_nulls,"8.00x [7.87, 8.15]",8.0000,8.7708,-0.7708,7.3600,8.1349,-0.7749,True
join,join_inner__f_long__dim_10k,"8.11x [7.72, 8.56]",8.1100,10.8938,-2.7838,8.2400,11.0505,-2.8105,True
topk_minmax,topk1__f_pos_deletes,"8.11x [7.66, 8.55]",8.1100,9.2030,-1.0930,7.3200,8.3591,-1.0391,True
join,join_inner__f_date__dim_10k,"8.13x [7.68, 8.59]",8.1300,9.4175,-1.2875,8.1500,9.3881,-1.2381,True
join,join_inner__f_sorted__dim_two_ranges,"8.24x [7.71, 8.73]",8.2400,11.7472,-3.5072,8.2100,11.7384,-3.5284,True
topk_minmax,topk1000__f_sorted,"8.25x [7.84, 8.60]",8.2500,9.4260,-1.1760,7.7200,8.6469,-0.9269,True
join,join_inner__f_date__dim_128,"8.28x [7.84, 8.70]",8.2800,9.1828,-0.9028,8.2700,9.2625,-0.9925,True
join,join_inner__f_sorted__dim_1pct,"8.31x [7.89, 8.71]",8.3100,8.8091,-0.4991,8.2800,8.7654,-0.4854,True
join,equality_delete_scan__f_eq_deletes,"8.38x [7.83, 8.95]",8.3800,9.5071,-1.1271,0.9600,0.9221,+0.0379,True
join,join_inner__f_sorted__dim_1,"8.39x [8.06, 8.78]",8.3900,10.9655,-2.5755,8.3800,10.8084,-2.4284,True
topk_minmax,topk10_by_value__f_sorted,"8.52x [8.01, 9.03]",8.5200,9.5615,-1.0415,7.8500,8.8581,-1.0081,True
topk_minmax,topk10__f_sorted,"8.64x [8.34, 8.90]",8.6400,9.7320,-1.0920,7.9400,8.9913,-1.0513,True
topk_minmax,topk1__f_sorted,"8.70x [8.30, 9.13]",8.7000,9.4072,-0.7072,7.9700,8.7201,-0.7501,True
layouts,topk10__f_many_files,"8.71x [8.34, 9.14]",8.7100,9.3100,-0.6000,4.2700,4.7800,-0.5100,False
topk_minmax,topk10_two_keys__f_sorted,"8.75x [8.36, 9.11]",8.7500,9.6666,-0.9166,8.0600,8.8603,-0.8003,True
join,join_inner__f_nulls__dim_128_spread,"8.81x [8.43, 9.18]",8.8100,9.6876,-0.8776,8.7600,9.5612,-0.8012,True
join,join_star__f_sorted__dim_128,"8.86x [7.66, 9.81]",8.8600,10.3571,-1.4971,9.1000,10.0827,-0.9827,True
join,join_inner__f_nulls__dim_128,"9.64x [8.98, 10.20]",9.6400,13.4878,-3.8478,9.7600,13.5661,-3.8061,True
join,join_inner__f_sorted__dim_128_high,"9.80x [8.99, 10.58]",9.8000,10.7596,-0.9596,9.7300,10.5632,-0.8332,True
join,join_inner__f_pos_deletes__dim_128,"9.86x [9.12, 10.61]",9.8600,11.2238,-1.3638,9.7500,11.3137,-1.5637,True
topk_minmax,topk10_desc__f_eq_deletes,"10.01x [9.46, 10.55]",10.0100,10.1361,-0.1261,1.3400,1.3273,+0.0127,True
layouts,topk10__f_big,"10.14x [9.64, 10.60]",10.1400,10.7700,-0.6300,9.2800,9.8900,-0.6100,True
join,join_inner__f_sorted__dim_128,"10.21x [9.38, 10.90]",10.2100,11.1393,-0.9293,10.1500,11.1354,-0.9854,True
topk_minmax,topk10_desc__f_long,"10.40x [9.82, 11.01]",10.4000,13.0948,-2.6948,10.7800,13.8877,-3.1077,True
join,join_inner__f_sorted__dim_10k,"10.64x [10.13, 11.15]",10.6400,11.5399,-0.8999,10.5300,11.5743,-1.0443,True
join,join_inner__f_sorted__dim_128_low,"10.68x [9.99, 11.39]",10.6800,11.5704,-0.8904,10.4700,11.9241,-1.4541,True
topk_minmax,topk10_desc__f_overlap,"10.91x [9.86, 11.96]",10.9100,15.1896,-4.2796,10.5200,14.7632,-4.2432,True
join,join_inner__f_long__dim_128,"11.05x [10.70, 11.38]",11.0500,11.6159,-0.5659,10.9700,11.6206,-0.6506,True
topk_minmax,topk10__f_reversed_files,"11.24x [10.38, 12.18]",11.2400,17.0734,-5.8334,5.9000,7.9690,-2.0690,False
join,join_inner__f_eq_deletes__dim_128,"11.34x [10.68, 11.99]",11.3400,13.1340,-1.7940,1.6000,1.6213,-0.0213,True
layouts,join_wide_columns__f_wide__dim_128,"11.75x [11.08, 12.35]",11.7500,12.5800,-0.8300,11.7000,12.4500,-0.7500,True
topk_minmax,both__f_eq_deletes,"11.78x [10.89, 12.72]",11.7800,16.8360,-5.0560,1.0000,1.0430,-0.0430,True
join,join_inner__f_nulls__dim_10k,"12.06x [11.56, 12.55]",12.0600,12.5943,-0.5343,11.8700,12.5582,-0.6882,True
topk_minmax,equality_delete_scan__f_eq_deletes,"12.13x [11.63, 12.65]",12.1300,14.4958,-2.3658,1.0600,0.9852,+0.0748,True
topk_minmax,topk10_desc__f_sorted,"12.16x [11.55, 12.78]",12.1600,13.2510,-1.0910,13.2600,14.5049,-1.2449,True
topk_minmax,topk1000_desc__f_sorted,"12.54x [11.51, 13.66]",12.5400,14.6688,-2.1288,13.3300,15.8926,-2.5626,True
topk_minmax,topk10__f_eq_deletes,"12.60x [11.58, 13.45]",12.6000,12.6888,-0.0888,1.3100,1.2830,+0.0270,True
topk_minmax,topk10_two_keys__f_reversed_files,"13.20x [12.43, 13.97]",13.2000,16.5664,-3.3664,6.6200,7.8103,-1.1903,False
topk_minmax,topk1__f_reversed_files,"13.26x [12.26, 14.24]",13.2600,17.0814,-3.8214,6.2300,7.8529,-1.6229,False
topk_minmax,max__f_eq_deletes,"13.75x [13.04, 14.44]",13.7500,16.9362,-3.1862,1.1200,1.0584,+0.0616,True
topk_minmax,topk10_desc_two_keys__f_nulls,"14.17x [13.70, 14.69]",14.1700,16.3257,-2.1557,15.6100,17.9765,-2.3665,True
topk_minmax,topk1000__f_reversed_files,"14.47x [13.54, 15.51]",14.4700,15.8605,-1.3905,6.9600,7.3522,-0.3922,False
topk_minmax,topk10_desc__f_reversed_files,"15.75x [14.51, 16.92]",15.7500,19.4016,-3.6516,9.2600,10.7329,-1.4729,False
layouts,topk1000_desc__f_big,"16.31x [15.72, 16.86]",16.3100,16.7000,-0.3900,16.4100,17.1000,-0.6900,True
topk_minmax,min__f_eq_deletes,"17.09x [16.22, 17.93]",17.0900,17.8090,-0.7190,1.0600,1.1164,-0.0564,True
layouts,join_inner__f_big__dim_128,"17.22x [16.31, 18.23]",17.2200,19.8400,-2.6200,17.0900,19.6200,-2.5300,True
layouts,join_inner__f_big__dim_10k,"18.27x [17.58, 18.98]",18.2700,19.4700,-1.2000,18.0700,19.4200,-1.3500,True
topk_minmax,topk10_desc__f_eq_deletes_str,"22.10x [21.17, 23.01]",22.1000,23.9978,-1.8978,1.1300,1.0163,+0.1137,True
join,join_inner__f_eq_deletes_str__dim_128,"22.76x [21.18, 24.49]",22.7600,24.0368,-1.2768,0.9800,0.9747,+0.0053,True
join,join_inner__f_eq_deletes_str__dim_128_spread,"22.78x [21.57, 23.87]",22.7800,23.7079,-0.9279,0.9500,0.9864,-0.0364,True
topk_minmax,both__f_eq_deletes_str,"29.67x [28.38, 30.99]",29.6700,28.5781,+1.0919,0.9800,0.9606,+0.0194,True
topk_minmax,topk10__f_eq_deletes_str,"33.94x [32.03, 36.15]",33.9400,30.3476,+3.5924,0.9600,1.0159,-0.0559,True
topk_minmax,min__f_eq_deletes_str,"35.69x [34.53, 36.88]",35.6900,30.3493,+5.3407,1.0100,0.9425,+0.0675,True
topk_minmax,max__f_eq_deletes_str,"36.15x [34.96, 37.60]",36.1500,32.5572,+3.5928,1.0500,0.9546,+0.0954,True
join,equality_delete_scan__f_eq_deletes_str,"39.60x [39.18, 40.05]",39.6000,31.7783,+7.8217,0.9900,0.9640,+0.0260,True
topk_minmax,equality_delete_scan__f_eq_deletes_str,"49.24x [46.19, 52.50]",49.2400,44.5385,+4.7015,1.0200,1.0090,+0.0110,True
strjoin,strjoin_str_broadcast_distinct_100000,n/a,n/a,n/a,n/a,n/a,0.8970,n/a,True
strjoin,strjoin_str_broadcast_distinct_1000000,n/a,n/a,n/a,n/a,n/a,1.0380,n/a,True
strjoin,strjoin_str_broadcast_distinct_3000000,n/a,n/a,n/a,n/a,n/a,0.9730,n/a,True
strjoin,strjoin_str_broadcast_distinct_40000,n/a,n/a,n/a,n/a,n/a,0.9250,n/a,True
strjoin,strjoin_str_broadcast_distinct_500000,n/a,n/a,n/a,n/a,n/a,0.9220,n/a,True
