query,classification,key_type,strategy,flavor,build_size,baseline_off_ms,baseline_on_ms,candidate_off_ms,candidate_on_ms,cand_on_base_on_speedup,cand_on_base_on_ci_low,cand_on_base_on_ci_high,cand_off_base_off_speedup,cand_off_base_off_ci_low,cand_off_base_off_ci_high,cand_on_cand_off_speedup,cand_on_cand_off_ci_low,cand_on_cand_off_ci_high,dynamic_filter_rows_evaluated,dynamic_filter_rows_pruned,dynamic_filter_rows_bypassed,dynamic_filter_eval_ms,bytes_scanned,output_rows,files_pruned,rgs_pruned,join_operator,dynamic_filter_attached,notes
strjoin_int_shuffled_hash_distinct_100000,under-delivers,int,shuffled_hash,distinct,100000,112.58,108.81,109.0,111.44,0.826,0.672,0.952,1.061,0.982,1.152,0.831,0.693,0.968,4000000,3900000,0,4.95,19078852,4000000,0,0,CometHashJoin,True,Batch filter pruned 3900000/4000000 rows (97.5%) but post-shuffle costs dominate
strjoin_long_broadcast_plain_10000,suspicious,long,broadcast,plain,10000,73.38,70.03,69.74,78.16,0.862,0.729,0.981,1.024,0.834,1.199,0.901,0.724,1.129,0,0,0,0.0,12485275,4000000,0,0,SparkBroadcastHashJoin,False,Dynamic filter ineligible; candidate runtime lower than baseline due to driver JIT/GC variance
strjoin_long_shuffled_hash_distinct_100000,under-delivers,long,shuffled_hash,distinct,100000,145.02,144.97,143.68,152.12,0.889,0.777,0.985,0.97,0.885,1.045,0.934,0.825,1.056,4000000,3900000,0,8.4,12485275,4000000,0,0,CometHashJoin,True,Batch filter pruned 3900000/4000000 rows (97.5%) but post-shuffle costs dominate
strjoin_str_broadcast_plain_100000,suspicious,str,broadcast,plain,100000,243.05,236.0,231.15,270.93,0.891,0.832,0.964,1.024,0.877,1.179,0.908,0.837,0.982,0,0,0,0.0,10209181,4000000,0,0,SparkBroadcastHashJoin,False,Dynamic filter ineligible; candidate runtime lower than baseline due to driver JIT/GC variance
strjoin_int_broadcast_plain_500000,expected-parity,int,broadcast,plain,500000,289.1,246.87,267.72,313.93,0.892,0.8,1.012,1.085,0.978,1.212,0.893,0.798,0.991,0,0,0,0.0,19078852,4000000,0,0,SparkBroadcastHashJoin,False,Dynamic filter ineligible or no pruning; variants at statistical parity
strjoin_str_broadcast_plain_40000,expected-parity,str,broadcast,plain,40000,217.39,199.61,207.5,213.42,0.892,0.788,1.023,1.017,0.906,1.141,0.941,0.882,1.02,0,0,0,0.0,10209181,4000000,0,0,SparkBroadcastHashJoin,False,Dynamic filter ineligible or no pruning; variants at statistical parity
strjoin_str_sort_merge_plain_500000,suspicious,str,sort_merge,plain,500000,296.7,303.14,300.86,335.9,0.893,0.798,0.998,1.022,0.971,1.096,0.877,0.773,0.978,0,0,0,0.0,10209181,4000000,0,0,CometSortMergeJoin,False,Dynamic filter ineligible; candidate runtime lower than baseline due to driver JIT/GC variance
strjoin_int_shuffled_hash_distinct_1000000,under-delivers,int,shuffled_hash,distinct,1000000,257.21,234.99,236.66,272.35,0.895,0.76,1.041,1.029,0.954,1.11,0.916,0.81,1.019,4000000,3000000,0,5.99,19078852,4000000,0,0,CometHashJoin,True,Batch filter pruned 3000000/4000000 rows (75.0%) but post-shuffle costs dominate
strjoin_long_shuffled_hash_plain_100000,under-delivers,long,shuffled_hash,plain,100000,126.01,122.79,126.44,128.46,0.911,0.845,0.973,1.039,0.936,1.176,0.955,0.881,1.035,4000000,3900000,0,5.8,12485275,4000000,0,0,CometHashJoin,True,Batch filter pruned 3900000/4000000 rows (97.5%) but post-shuffle costs dominate
strjoin_str_shuffled_hash_distinct_100000,expected-parity,str,shuffled_hash,distinct,100000,187.92,185.7,187.79,208.4,0.915,0.833,1.007,1.005,0.928,1.091,0.899,0.878,0.919,0,0,0,0.0,10209181,4000000,0,0,CometHashJoin,False,Dynamic filter ineligible or no pruning; variants at statistical parity
strjoin_int_sort_merge_distinct_10000,expected-parity,int,sort_merge,distinct,10000,132.25,119.47,112.72,117.66,0.915,0.766,1.075,1.122,1.0,1.256,0.886,0.791,0.98,0,0,0,0.0,19078852,4000000,0,0,CometSortMergeJoin,False,Dynamic filter ineligible or no pruning; variants at statistical parity
strjoin_str_shuffled_hash_plain_500000,suspicious,str,shuffled_hash,plain,500000,254.96,246.05,265.18,266.58,0.926,0.869,0.992,0.949,0.891,1.014,0.976,0.903,1.048,0,0,0,0.0,10209181,4000000,0,0,CometHashJoin,False,Dynamic filter ineligible; candidate runtime lower than baseline due to driver JIT/GC variance
strjoin_int_sort_merge_plain_100000,expected-parity,int,sort_merge,plain,100000,128.87,126.22,116.66,131.37,0.928,0.786,1.081,1.09,1.034,1.145,0.853,0.754,0.945,0,0,0,0.0,19078852,4000000,0,0,CometSortMergeJoin,False,Dynamic filter ineligible or no pruning; variants at statistical parity
strjoin_long_broadcast_plain_500000,expected-parity,long,broadcast,plain,500000,255.86,254.09,255.01,280.41,0.936,0.821,1.067,1.012,0.935,1.124,0.904,0.815,1.019,0,0,0,0.0,12485275,4000000,0,0,SparkBroadcastHashJoin,False,Dynamic filter ineligible or no pruning; variants at statistical parity
strjoin_long_sort_merge_plain_10000,expected-parity,long,sort_merge,plain,10000,142.79,142.83,145.68,152.41,0.936,0.84,1.06,0.98,0.852,1.157,0.962,0.863,1.052,0,0,0,0.0,12485275,4000000,0,0,CometSortMergeJoin,False,Dynamic filter ineligible or no pruning; variants at statistical parity
strjoin_long_sort_merge_plain_3000000,suspicious,long,sort_merge,plain,3000000,399.73,381.78,381.66,397.12,0.937,0.879,0.989,1.093,1.015,1.189,0.933,0.883,0.978,0,0,0,0.0,12485275,4000000,0,0,CometSortMergeJoin,False,Dynamic filter ineligible; candidate runtime lower than baseline due to driver JIT/GC variance
strjoin_long_broadcast_plain_40000,expected-parity,long,broadcast,plain,40000,86.08,84.71,83.79,90.42,0.938,0.849,1.022,1.005,0.938,1.063,0.929,0.843,1.012,0,0,0,0.0,12485275,4000000,0,0,SparkBroadcastHashJoin,False,Dynamic filter ineligible or no pruning; variants at statistical parity
strjoin_str_broadcast_plain_500000,expected-parity,str,broadcast,plain,500000,512.34,490.58,481.21,540.62,0.939,0.883,1.0,1.031,0.938,1.131,0.917,0.852,0.998,0,0,0,0.0,10209181,4000000,0,0,SparkBroadcastHashJoin,False,Dynamic filter ineligible or no pruning; variants at statistical parity
strjoin_str_sort_merge_distinct_1000000,expected-parity,str,sort_merge,distinct,1000000,468.07,419.74,460.25,460.16,0.94,0.863,1.011,1.006,0.937,1.075,0.999,0.955,1.056,0,0,0,0.0,10209181,4000000,0,0,CometSortMergeJoin,False,Dynamic filter ineligible or no pruning; variants at statistical parity
strjoin_int_sort_merge_distinct_3000000,suspicious,int,sort_merge,distinct,3000000,596.81,524.32,530.73,587.06,0.94,0.89,0.994,1.046,0.963,1.131,0.965,0.912,1.018,0,0,0,0.0,19078852,4000000,0,0,CometSortMergeJoin,False,Dynamic filter ineligible; candidate runtime lower than baseline due to driver JIT/GC variance
strjoin_str_sort_merge_distinct_40000,suspicious,str,sort_merge,distinct,40000,250.15,245.11,248.97,263.37,0.94,0.873,0.993,1.036,0.985,1.115,0.949,0.883,1.004,0,0,0,0.0,10209181,4000000,0,0,CometSortMergeJoin,False,Dynamic filter ineligible; candidate runtime lower than baseline due to driver JIT/GC variance
strjoin_int_broadcast_plain_10000,expected-parity,int,broadcast,plain,10000,70.43,64.21,69.44,72.37,0.941,0.859,1.048,0.992,0.923,1.045,0.953,0.903,1.003,0,0,0,0.0,19078852,4000000,0,0,SparkBroadcastHashJoin,False,Dynamic filter ineligible or no pruning; variants at statistical parity
strjoin_str_shuffled_hash_distinct_1000,expected-parity,str,shuffled_hash,distinct,1000,172.04,159.39,157.09,167.69,0.941,0.815,1.048,1.086,1.005,1.181,0.924,0.834,0.992,0,0,0,0.0,10209181,4000000,0,0,CometHashJoin,False,Dynamic filter ineligible or no pruning; variants at statistical parity
strjoin_long_shuffled_hash_plain_500000,under-delivers,long,shuffled_hash,plain,500000,151.8,148.84,162.1,161.26,0.941,0.83,1.051,0.954,0.853,1.042,0.965,0.85,1.058,4000000,3500000,0,6.11,12485275,4000000,0,0,CometHashJoin,True,Batch filter pruned 3500000/4000000 rows (87.5%) but post-shuffle costs dominate
strjoin_str_sort_merge_plain_1000000,expected-parity,str,sort_merge,plain,1000000,366.97,358.86,353.24,361.75,0.943,0.873,1.008,1.019,0.942,1.1,0.968,0.889,1.038,0,0,0,0.0,10209181,4000000,0,0,CometSortMergeJoin,False,Dynamic filter ineligible or no pruning; variants at statistical parity
strjoin_long_shuffled_hash_distinct_1000,under-delivers,long,shuffled_hash,distinct,1000,109.77,116.01,123.93,137.1,0.944,0.859,1.034,1.018,0.905,1.175,0.946,0.851,1.045,4000000,3999000,0,5.81,12485275,4000000,0,0,CometHashJoin,True,Batch filter pruned 3999000/4000000 rows (100.0%) but post-shuffle costs dominate
strjoin_long_sort_merge_plain_1000000,expected-parity,long,sort_merge,plain,1000000,232.75,229.59,232.16,231.73,0.945,0.838,1.077,1.015,0.971,1.071,0.944,0.855,1.029,0,0,0,0.0,12485275,4000000,0,0,CometSortMergeJoin,False,Dynamic filter ineligible or no pruning; variants at statistical parity
strjoin_int_broadcast_plain_100000,expected-parity,int,broadcast,plain,100000,91.96,95.52,98.39,97.58,0.948,0.87,1.021,0.978,0.918,1.076,1.002,0.926,1.092,0,0,0,0.0,19078852,4000000,0,0,SparkBroadcastHashJoin,False,Dynamic filter ineligible or no pruning; variants at statistical parity
strjoin_int_sort_merge_distinct_1000,expected-parity,int,sort_merge,distinct,1000,124.6,114.61,118.16,121.57,0.948,0.876,1.026,1.135,1.009,1.317,0.948,0.871,1.022,0,0,0,0.0,19078852,4000000,0,0,CometSortMergeJoin,False,Dynamic filter ineligible or no pruning; variants at statistical parity
strjoin_long_broadcast_plain_1000000,expected-parity,long,broadcast,plain,1000000,460.05,450.67,445.83,479.58,0.953,0.881,1.052,1.044,0.951,1.175,0.95,0.891,1.022,0,0,0,0.0,12485275,4000000,0,0,SparkBroadcastHashJoin,False,Dynamic filter ineligible or no pruning; variants at statistical parity
strjoin_long_sort_merge_plain_40000,expected-parity,long,sort_merge,plain,40000,153.47,145.02,146.9,150.97,0.955,0.912,1.003,1.056,0.923,1.184,0.997,0.948,1.063,0,0,0,0.0,12485275,4000000,0,0,CometSortMergeJoin,False,Dynamic filter ineligible or no pruning; variants at statistical parity
strjoin_long_shuffled_hash_plain_3000000,fixed-overhead,long,shuffled_hash,plain,3000000,365.74,374.0,369.62,369.56,0.956,0.855,1.058,1.021,0.964,1.083,0.941,0.857,1.025,4000000,1000000,0,8.7,12485275,4000000,0,0,CometHashJoin,True,"Batch filter evaluated 4000000 rows with low pruning (25.0%), adding pure eval overhead"
strjoin_long_broadcast_distinct_100000,expected-parity,long,broadcast,distinct,100000,127.97,124.52,117.59,125.32,0.958,0.866,1.046,1.02,0.914,1.132,0.991,0.896,1.09,0,0,0,0.0,12485275,4000000,0,0,SparkBroadcastHashJoin,False,Dynamic filter ineligible or no pruning; variants at statistical parity
strjoin_long_shuffled_hash_distinct_10000,under-delivers,long,shuffled_hash,distinct,10000,130.2,123.81,120.87,133.21,0.96,0.831,1.152,1.036,0.943,1.144,0.917,0.846,1.001,4000000,3990000,0,6.44,12485275,4000000,0,0,CometHashJoin,True,Batch filter pruned 3990000/4000000 rows (99.8%) but post-shuffle costs dominate
strjoin_str_sort_merge_plain_1000,suspicious,str,sort_merge,plain,1000,228.26,214.79,211.56,223.0,0.961,0.932,0.994,1.052,0.976,1.123,0.956,0.893,1.022,0,0,0,0.0,10209181,4000000,0,0,CometSortMergeJoin,False,Dynamic filter ineligible; candidate runtime lower than baseline due to driver JIT/GC variance
strjoin_str_broadcast_plain_3000000,suspicious,str,broadcast,plain,3000000,2071.98,2102.38,2087.35,2158.23,0.961,0.937,0.99,1.003,0.98,1.036,0.951,0.931,0.972,0,0,0,0.0,10209181,4000000,0,0,SparkBroadcastHashJoin,False,Dynamic filter ineligible; candidate runtime lower than baseline due to driver JIT/GC variance
strjoin_long_broadcast_distinct_1000000,expected-parity,long,broadcast,distinct,1000000,570.82,509.91,526.59,539.01,0.961,0.888,1.019,1.042,0.988,1.109,0.992,0.938,1.045,0,0,0,0.0,12485275,4000000,0,0,SparkBroadcastHashJoin,False,Dynamic filter ineligible or no pruning; variants at statistical parity
strjoin_long_sort_merge_distinct_10000,expected-parity,long,sort_merge,distinct,10000,160.25,147.99,146.52,154.8,0.963,0.915,1.013,1.106,1.03,1.228,0.966,0.949,0.98,0,0,0,0.0,12485275,4000000,0,0,CometSortMergeJoin,False,Dynamic filter ineligible or no pruning; variants at statistical parity
strjoin_long_broadcast_plain_3000000,suspicious,long,broadcast,plain,3000000,1212.45,1229.32,1211.68,1243.47,0.964,0.933,0.996,0.994,0.941,1.056,0.978,0.932,1.025,0,0,0,0.0,12485275,4000000,0,0,SparkBroadcastHashJoin,False,Dynamic filter ineligible; candidate runtime lower than baseline due to driver JIT/GC variance
strjoin_long_sort_merge_distinct_40000,expected-parity,long,sort_merge,distinct,40000,142.96,143.58,151.2,153.15,0.965,0.909,1.023,0.981,0.925,1.043,0.973,0.899,1.048,0,0,0,0.0,12485275,4000000,0,0,CometSortMergeJoin,False,Dynamic filter ineligible or no pruning; variants at statistical parity
strjoin_str_shuffled_hash_plain_10000,expected-parity,str,shuffled_hash,plain,10000,157.5,163.21,164.84,168.45,0.965,0.85,1.104,0.995,0.945,1.047,0.943,0.861,1.014,0,0,0,0.0,10209181,4000000,0,0,CometHashJoin,False,Dynamic filter ineligible or no pruning; variants at statistical parity
strjoin_int_shuffled_hash_plain_1000000,under-delivers,int,shuffled_hash,plain,1000000,166.53,162.76,166.97,176.21,0.968,0.915,1.025,1.009,0.904,1.164,0.996,0.928,1.072,4000000,3000000,0,6.14,19078852,4000000,0,0,CometHashJoin,True,Batch filter pruned 3000000/4000000 rows (75.0%) but post-shuffle costs dominate
strjoin_long_broadcast_plain_100000,expected-parity,long,broadcast,plain,100000,96.84,92.24,98.7,96.56,0.969,0.905,1.039,0.952,0.876,1.022,1.024,0.952,1.105,0,0,0,0.0,12485275,4000000,0,0,SparkBroadcastHashJoin,False,Dynamic filter ineligible or no pruning; variants at statistical parity
strjoin_long_shuffled_hash_plain_1000000,under-delivers,long,shuffled_hash,plain,1000000,204.39,194.95,195.27,204.98,0.969,0.912,1.026,1.009,0.908,1.113,1.015,0.916,1.13,4000000,3000000,0,6.71,12485275,4000000,0,0,CometHashJoin,True,Batch filter pruned 3000000/4000000 rows (75.0%) but post-shuffle costs dominate
strjoin_str_broadcast_plain_1000000,expected-parity,str,broadcast,plain,1000000,876.49,878.46,863.03,897.74,0.971,0.935,1.018,1.02,0.975,1.066,0.947,0.921,0.974,0,0,0,0.0,10209181,4000000,0,0,SparkBroadcastHashJoin,False,Dynamic filter ineligible or no pruning; variants at statistical parity
strjoin_str_sort_merge_distinct_3000000,suspicious,str,sort_merge,distinct,3000000,1017.19,1017.52,1043.56,1029.23,0.972,0.944,0.999,1.009,0.96,1.066,0.983,0.939,1.032,0,0,0,0.0,10209181,4000000,0,0,CometSortMergeJoin,False,Dynamic filter ineligible; candidate runtime lower than baseline due to driver JIT/GC variance
strjoin_int_sort_merge_plain_1000,expected-parity,int,sort_merge,plain,1000,125.15,119.91,115.67,124.45,0.972,0.857,1.137,1.038,0.906,1.171,0.951,0.901,0.994,0,0,0,0.0,19078852,4000000,0,0,CometSortMergeJoin,False,Dynamic filter ineligible or no pruning; variants at statistical parity
strjoin_long_shuffled_hash_distinct_3000000,fixed-overhead,long,shuffled_hash,distinct,3000000,773.45,771.52,776.33,780.52,0.973,0.921,1.028,1.019,0.949,1.081,0.98,0.93,1.024,4000000,1000000,0,8.89,12485275,4000000,0,0,CometHashJoin,True,"Batch filter evaluated 4000000 rows with low pruning (25.0%), adding pure eval overhead"
strjoin_int_sort_merge_plain_500000,expected-parity,int,sort_merge,plain,500000,158.19,158.26,160.77,155.58,0.975,0.926,1.026,0.924,0.837,1.021,1.054,0.957,1.168,0,0,0,0.0,19078852,4000000,0,0,CometSortMergeJoin,False,Dynamic filter ineligible or no pruning; variants at statistical parity
strjoin_int_shuffled_hash_plain_3000000,fixed-overhead,int,shuffled_hash,plain,3000000,322.31,323.69,324.24,329.81,0.975,0.913,1.036,1.031,0.958,1.121,0.944,0.869,1.027,4000000,1000000,0,7.67,19078852,4000000,0,0,CometHashJoin,True,"Batch filter evaluated 4000000 rows with low pruning (25.0%), adding pure eval overhead"
strjoin_int_sort_merge_distinct_500000,expected-parity,int,sort_merge,distinct,500000,221.93,199.19,198.16,198.21,0.975,0.881,1.068,1.085,1.012,1.17,0.977,0.899,1.06,0,0,0,0.0,19078852,4000000,0,0,CometSortMergeJoin,False,Dynamic filter ineligible or no pruning; variants at statistical parity
strjoin_long_sort_merge_distinct_3000000,expected-parity,long,sort_merge,distinct,3000000,769.67,681.42,700.34,694.45,0.977,0.945,1.009,1.059,0.998,1.145,0.984,0.919,1.055,0,0,0,0.0,12485275,4000000,0,0,CometSortMergeJoin,False,Dynamic filter ineligible or no pruning; variants at statistical parity
strjoin_long_sort_merge_distinct_1000,expected-parity,long,sort_merge,distinct,1000,148.7,145.31,140.76,154.27,0.977,0.912,1.06,0.984,0.894,1.052,0.987,0.9,1.126,0,0,0,0.0,12485275,4000000,0,0,CometSortMergeJoin,False,Dynamic filter ineligible or no pruning; variants at statistical parity
strjoin_long_shuffled_hash_plain_1000,under-delivers,long,shuffled_hash,plain,1000,118.35,113.41,108.23,117.44,0.977,0.932,1.029,1.026,0.898,1.128,0.991,0.895,1.133,4000000,3999000,0,6.14,12485275,4000000,0,0,CometHashJoin,True,Batch filter pruned 3999000/4000000 rows (100.0%) but post-shuffle costs dominate
strjoin_str_shuffled_hash_distinct_3000000,expected-parity,str,shuffled_hash,distinct,3000000,946.01,976.31,962.74,1006.16,0.979,0.944,1.015,1.018,0.978,1.068,0.954,0.922,0.988,0,0,0,0.0,10209181,4000000,0,0,CometHashJoin,False,Dynamic filter ineligible or no pruning; variants at statistical parity
strjoin_str_shuffled_hash_plain_100000,expected-parity,str,shuffled_hash,plain,100000,176.72,168.97,177.46,177.07,0.98,0.938,1.033,0.968,0.892,1.042,1.036,0.958,1.127,0,0,0,0.0,10209181,4000000,0,0,CometHashJoin,False,Dynamic filter ineligible or no pruning; variants at statistical parity
strjoin_int_shuffled_hash_distinct_40000,under-delivers,int,shuffled_hash,distinct,40000,107.5,105.12,103.19,103.13,0.98,0.889,1.078,1.029,0.943,1.135,0.963,0.852,1.085,4000000,3960000,0,5.14,19078852,4000000,0,0,CometHashJoin,True,Batch filter pruned 3960000/4000000 rows (99.0%) but post-shuffle costs dominate
strjoin_int_broadcast_distinct_1000000,under-delivers,int,broadcast,distinct,1000000,301.01,265.86,241.09,288.27,0.981,0.833,1.118,1.14,1.084,1.209,0.893,0.788,0.982,0,0,0,0.0,5456514,1000000,11,1,CometBroadcastHashJoin,True,Reader pruned 11 files but wall-clock speedup marginal
strjoin_int_broadcast_plain_1000000,expected-parity,int,broadcast,plain,1000000,484.57,454.58,442.89,483.68,0.983,0.935,1.042,1.056,0.988,1.128,0.926,0.867,0.981,0,0,0,0.0,19078852,4000000,0,0,SparkBroadcastHashJoin,False,Dynamic filter ineligible or no pruning; variants at statistical parity
strjoin_long_shuffled_hash_distinct_1000000,under-delivers,long,shuffled_hash,distinct,1000000,384.2,338.08,322.41,365.19,0.983,0.902,1.08,1.062,0.99,1.135,0.909,0.841,0.974,4000000,3000000,0,6.76,12485275,4000000,0,0,CometHashJoin,True,Batch filter pruned 3000000/4000000 rows (75.0%) but post-shuffle costs dominate
strjoin_long_shuffled_hash_distinct_500000,under-delivers,long,shuffled_hash,distinct,500000,221.5,224.06,197.53,194.05,0.985,0.873,1.127,1.031,0.947,1.144,0.939,0.876,1.028,4000000,3500000,0,6.25,12485275,4000000,0,0,CometHashJoin,True,Batch filter pruned 3500000/4000000 rows (87.5%) but post-shuffle costs dominate
strjoin_int_broadcast_plain_1000,expected-parity,int,broadcast,plain,1000,68.34,63.71,62.55,65.2,0.986,0.911,1.082,1.148,0.978,1.433,0.958,0.884,1.028,0,0,0,0.0,19078852,4000000,0,0,SparkBroadcastHashJoin,False,Dynamic filter ineligible or no pruning; variants at statistical parity
strjoin_int_shuffled_hash_distinct_3000000,fixed-overhead,int,shuffled_hash,distinct,3000000,558.46,547.12,540.79,566.58,0.987,0.912,1.051,1.032,0.997,1.088,0.968,0.911,1.017,4000000,1000000,0,7.7,19078852,4000000,0,0,CometHashJoin,True,"Batch filter evaluated 4000000 rows with low pruning (25.0%), adding pure eval overhead"
strjoin_int_shuffled_hash_distinct_500000,under-delivers,int,shuffled_hash,distinct,500000,158.76,156.86,147.46,164.81,0.989,0.89,1.116,1.041,0.964,1.124,0.926,0.848,1.005,4000000,3500000,0,6.01,19078852,4000000,0,0,CometHashJoin,True,Batch filter pruned 3500000/4000000 rows (87.5%) but post-shuffle costs dominate
strjoin_str_broadcast_distinct_1000,expected-parity,str,broadcast,distinct,1000,91.07,94.36,91.07,95.06,0.99,0.862,1.135,0.971,0.896,1.038,1.003,0.905,1.147,0,0,0,0.0,10209181,4000000,0,0,CometBroadcastHashJoin,False,Dynamic filter ineligible or no pruning; variants at statistical parity
strjoin_long_sort_merge_plain_500000,expected-parity,long,sort_merge,plain,500000,188.96,185.66,184.27,196.85,0.992,0.891,1.121,1.018,0.968,1.076,0.943,0.891,0.998,0,0,0,0.0,12485275,4000000,0,0,CometSortMergeJoin,False,Dynamic filter ineligible or no pruning; variants at statistical parity
strjoin_int_broadcast_plain_3000000,expected-parity,int,broadcast,plain,3000000,1255.39,1267.59,1300.35,1264.76,0.992,0.975,1.006,0.981,0.946,1.021,1.012,0.966,1.061,0,0,0,0.0,19078852,4000000,0,0,SparkBroadcastHashJoin,False,Dynamic filter ineligible or no pruning; variants at statistical parity
strjoin_str_sort_merge_distinct_1000,expected-parity,str,sort_merge,distinct,1000,239.07,212.58,221.57,221.62,0.993,0.93,1.071,1.061,0.939,1.181,1.029,0.965,1.141,0,0,0,0.0,10209181,4000000,0,0,CometSortMergeJoin,False,Dynamic filter ineligible or no pruning; variants at statistical parity
strjoin_int_sort_merge_plain_1000000,expected-parity,int,sort_merge,plain,1000000,215.81,203.33,204.22,200.29,0.994,0.917,1.07,1.058,0.976,1.151,0.996,0.914,1.096,0,0,0,0.0,19078852,4000000,0,0,CometSortMergeJoin,False,Dynamic filter ineligible or no pruning; variants at statistical parity
strjoin_str_shuffled_hash_distinct_500000,expected-parity,str,shuffled_hash,distinct,500000,343.29,333.63,331.87,346.37,0.994,0.943,1.048,1.006,0.936,1.094,0.994,0.924,1.081,0,0,0,0.0,10209181,4000000,0,0,CometHashJoin,False,Dynamic filter ineligible or no pruning; variants at statistical parity
strjoin_int_broadcast_distinct_100000,under-delivers,int,broadcast,distinct,100000,101.1,93.8,96.55,98.48,0.994,0.852,1.168,1.058,0.975,1.142,1.01,0.861,1.166,0,0,0,0.0,950412,100000,15,0,CometBroadcastHashJoin,True,Reader pruned 15 files but wall-clock speedup marginal
strjoin_int_sort_merge_distinct_1000000,expected-parity,int,sort_merge,distinct,1000000,272.91,250.84,240.45,250.05,0.995,0.879,1.121,1.039,0.964,1.124,1.009,0.923,1.098,0,0,0,0.0,19078852,4000000,0,0,CometSortMergeJoin,False,Dynamic filter ineligible or no pruning; variants at statistical parity
strjoin_str_sort_merge_plain_10000,expected-parity,str,sort_merge,plain,10000,233.0,218.85,214.77,215.94,0.996,0.882,1.127,1.067,0.991,1.158,0.964,0.891,1.03,0,0,0,0.0,10209181,4000000,0,0,CometSortMergeJoin,False,Dynamic filter ineligible or no pruning; variants at statistical parity
strjoin_str_shuffled_hash_distinct_40000,expected-parity,str,shuffled_hash,distinct,40000,175.78,172.93,159.2,179.42,0.996,0.916,1.115,1.064,0.997,1.137,0.938,0.879,0.987,0,0,0,0.0,10209181,4000000,0,0,CometHashJoin,False,Dynamic filter ineligible or no pruning; variants at statistical parity
strjoin_int_broadcast_distinct_500000,under-delivers,int,broadcast,distinct,500000,165.53,184.7,176.12,172.98,0.997,0.881,1.129,0.944,0.81,1.047,1.002,0.884,1.18,0,0,0,0.0,3057769,500000,13,1,CometBroadcastHashJoin,True,Reader pruned 13 files but wall-clock speedup marginal
strjoin_int_shuffled_hash_plain_1000,under-delivers,int,shuffled_hash,plain,1000,84.26,87.04,84.68,84.55,0.998,0.92,1.059,0.972,0.892,1.051,0.995,0.889,1.114,4000000,3999000,0,5.4,19078852,4000000,0,0,CometHashJoin,True,Batch filter pruned 3999000/4000000 rows (100.0%) but post-shuffle costs dominate
strjoin_str_sort_merge_plain_3000000,expected-parity,str,sort_merge,plain,3000000,676.81,677.18,665.72,675.47,1.0,0.948,1.066,1.019,0.963,1.071,0.991,0.945,1.042,0,0,0,0.0,10209181,4000000,0,0,CometSortMergeJoin,False,Dynamic filter ineligible or no pruning; variants at statistical parity
strjoin_int_sort_merge_plain_3000000,expected-parity,int,sort_merge,plain,3000000,351.71,346.28,340.2,347.29,1.0,0.94,1.062,1.026,0.982,1.078,0.975,0.945,1.002,0,0,0,0.0,19078852,4000000,0,0,CometSortMergeJoin,False,Dynamic filter ineligible or no pruning; variants at statistical parity
strjoin_long_broadcast_distinct_500000,expected-parity,long,broadcast,distinct,500000,346.9,325.73,324.05,334.26,1.002,0.94,1.062,1.031,0.952,1.109,1.007,0.934,1.089,0,0,0,0.0,12485275,4000000,0,0,SparkBroadcastHashJoin,False,Dynamic filter ineligible or no pruning; variants at statistical parity
strjoin_int_shuffled_hash_distinct_10000,under-delivers,int,shuffled_hash,distinct,10000,91.78,90.69,90.95,93.33,1.003,0.952,1.07,1.013,0.913,1.138,0.989,0.939,1.05,4000000,3990000,0,5.67,19078852,4000000,0,0,CometHashJoin,True,Batch filter pruned 3990000/4000000 rows (99.8%) but post-shuffle costs dominate
strjoin_str_sort_merge_plain_100000,expected-parity,str,sort_merge,plain,100000,236.52,239.77,226.46,236.07,1.003,0.944,1.06,1.062,1.001,1.125,0.941,0.883,0.983,0,0,0,0.0,10209181,4000000,0,0,CometSortMergeJoin,False,Dynamic filter ineligible or no pruning; variants at statistical parity
strjoin_long_broadcast_distinct_3000000,expected-parity,long,broadcast,distinct,3000000,1576.99,1654.37,1607.63,1621.54,1.003,0.951,1.041,0.992,0.959,1.026,0.974,0.945,1.007,0,0,0,0.0,12485275,4000000,0,0,SparkBroadcastHashJoin,False,Dynamic filter ineligible or no pruning; variants at statistical parity
strjoin_str_broadcast_plain_10000,expected-parity,str,broadcast,plain,10000,188.04,204.67,180.61,196.02,1.006,0.903,1.104,1.142,1.049,1.249,0.889,0.816,0.97,0,0,0,0.0,10209181,4000000,0,0,SparkBroadcastHashJoin,False,Dynamic filter ineligible or no pruning; variants at statistical parity
strjoin_str_shuffled_hash_distinct_10000,expected-parity,str,shuffled_hash,distinct,10000,197.49,182.19,169.2,180.07,1.007,0.958,1.058,1.131,1.05,1.221,0.967,0.905,1.04,0,0,0,0.0,10209181,4000000,0,0,CometHashJoin,False,Dynamic filter ineligible or no pruning; variants at statistical parity
strjoin_str_shuffled_hash_plain_1000,expected-parity,str,shuffled_hash,plain,1000,158.74,159.08,160.08,161.36,1.01,0.944,1.083,0.99,0.943,1.029,0.973,0.914,1.045,0,0,0,0.0,10209181,4000000,0,0,CometHashJoin,False,Dynamic filter ineligible or no pruning; variants at statistical parity
strjoin_str_shuffled_hash_plain_3000000,expected-parity,str,shuffled_hash,plain,3000000,697.62,713.49,707.55,703.95,1.011,0.933,1.095,0.995,0.932,1.063,0.992,0.932,1.058,0,0,0,0.0,10209181,4000000,0,0,CometHashJoin,False,Dynamic filter ineligible or no pruning; variants at statistical parity
strjoin_str_sort_merge_distinct_100000,expected-parity,str,sort_merge,distinct,100000,245.41,258.11,247.4,252.66,1.011,0.938,1.088,0.97,0.896,1.033,0.985,0.88,1.096,0,0,0,0.0,10209181,4000000,0,0,CometSortMergeJoin,False,Dynamic filter ineligible or no pruning; variants at statistical parity
strjoin_str_shuffled_hash_distinct_1000000,expected-parity,str,shuffled_hash,distinct,1000000,457.17,449.48,440.74,411.58,1.011,0.928,1.088,1.013,0.944,1.083,1.011,0.915,1.113,0,0,0,0.0,10209181,4000000,0,0,CometHashJoin,False,Dynamic filter ineligible or no pruning; variants at statistical parity
strjoin_str_shuffled_hash_plain_40000,expected-parity,str,shuffled_hash,plain,40000,173.38,172.89,163.03,162.49,1.012,0.896,1.108,1.017,0.972,1.062,0.971,0.869,1.051,0,0,0,0.0,10209181,4000000,0,0,CometHashJoin,False,Dynamic filter ineligible or no pruning; variants at statistical parity
strjoin_long_sort_merge_distinct_500000,expected-parity,long,sort_merge,distinct,500000,251.27,266.14,258.91,251.8,1.012,0.941,1.098,1.01,0.928,1.106,1.019,0.939,1.108,0,0,0,0.0,12485275,4000000,0,0,CometSortMergeJoin,False,Dynamic filter ineligible or no pruning; variants at statistical parity
strjoin_int_sort_merge_plain_10000,expected-parity,int,sort_merge,plain,10000,112.52,110.36,109.9,111.2,1.013,0.908,1.154,1.036,0.977,1.107,0.969,0.918,1.017,0,0,0,0.0,19078852,4000000,0,0,CometSortMergeJoin,False,Dynamic filter ineligible or no pruning; variants at statistical parity
strjoin_str_sort_merge_distinct_500000,expected-parity,str,sort_merge,distinct,500000,355.97,347.46,338.87,337.34,1.019,0.974,1.061,1.047,0.989,1.111,0.995,0.949,1.043,0,0,0,0.0,10209181,4000000,0,0,CometSortMergeJoin,False,Dynamic filter ineligible or no pruning; variants at statistical parity
strjoin_int_shuffled_hash_distinct_1000,under-delivers,int,shuffled_hash,distinct,1000,87.0,89.23,87.87,93.44,1.019,0.905,1.171,0.943,0.837,1.053,0.991,0.936,1.045,4000000,3999000,0,5.27,19078852,4000000,0,0,CometHashJoin,True,Batch filter pruned 3999000/4000000 rows (100.0%) but post-shuffle costs dominate
strjoin_int_shuffled_hash_plain_40000,under-delivers,int,shuffled_hash,plain,40000,87.75,87.15,87.23,87.33,1.019,0.989,1.048,1.026,0.938,1.141,1.014,0.977,1.055,4000000,3960000,0,5.6,19078852,4000000,0,0,CometHashJoin,True,Batch filter pruned 3960000/4000000 rows (99.0%) but post-shuffle costs dominate
strjoin_str_sort_merge_plain_40000,expected-parity,str,sort_merge,plain,40000,227.39,239.11,223.76,234.97,1.022,0.97,1.085,1.03,0.972,1.103,0.967,0.929,1.012,0,0,0,0.0,10209181,4000000,0,0,CometSortMergeJoin,False,Dynamic filter ineligible or no pruning; variants at statistical parity
strjoin_int_shuffled_hash_plain_10000,under-delivers,int,shuffled_hash,plain,10000,88.47,93.88,87.59,89.07,1.022,0.986,1.065,0.988,0.905,1.072,0.952,0.923,0.99,4000000,3990000,0,5.26,19078852,4000000,0,0,CometHashJoin,True,Batch filter pruned 3990000/4000000 rows (99.8%) but post-shuffle costs dominate
strjoin_str_shuffled_hash_plain_1000000,expected-parity,str,shuffled_hash,plain,1000000,372.25,356.78,349.85,337.88,1.023,0.957,1.086,1.036,0.936,1.137,1.007,0.902,1.099,0,0,0,0.0,10209181,4000000,0,0,CometHashJoin,False,Dynamic filter ineligible or no pruning; variants at statistical parity
strjoin_long_shuffled_hash_plain_10000,under-delivers,long,shuffled_hash,plain,10000,112.09,113.88,110.62,112.97,1.024,0.931,1.165,0.998,0.936,1.058,0.965,0.895,1.032,4000000,3990000,0,5.86,12485275,4000000,0,0,CometHashJoin,True,Batch filter pruned 3990000/4000000 rows (99.8%) but post-shuffle costs dominate
strjoin_int_sort_merge_distinct_40000,expected-parity,int,sort_merge,distinct,40000,127.67,122.12,120.76,120.02,1.025,0.977,1.071,1.059,0.978,1.163,1.035,0.998,1.096,0,0,0,0.0,19078852,4000000,0,0,CometSortMergeJoin,False,Dynamic filter ineligible or no pruning; variants at statistical parity
strjoin_long_sort_merge_plain_100000,expected-parity,long,sort_merge,plain,100000,157.92,149.59,156.0,153.28,1.026,0.883,1.203,1.017,0.946,1.102,0.98,0.882,1.077,0,0,0,0.0,12485275,4000000,0,0,CometSortMergeJoin,False,Dynamic filter ineligible or no pruning; variants at statistical parity
strjoin_int_sort_merge_plain_40000,expected-parity,int,sort_merge,plain,40000,123.02,115.1,117.56,120.4,1.027,0.895,1.227,1.05,0.991,1.099,0.963,0.898,1.033,0,0,0,0.0,19078852,4000000,0,0,CometSortMergeJoin,False,Dynamic filter ineligible or no pruning; variants at statistical parity
strjoin_str_broadcast_distinct_10000,expected-parity,str,broadcast,distinct,10000,107.21,108.94,114.96,110.4,1.029,0.871,1.235,0.951,0.79,1.138,1.026,0.883,1.206,0,0,0,0.0,10209181,4000000,0,0,CometBroadcastHashJoin,False,Dynamic filter ineligible or no pruning; variants at statistical parity
strjoin_int_sort_merge_distinct_100000,expected-parity,int,sort_merge,distinct,100000,132.28,137.87,128.39,135.64,1.033,0.93,1.155,1.029,0.97,1.088,0.952,0.873,1.046,0,0,0,0.0,19078852,4000000,0,0,CometSortMergeJoin,False,Dynamic filter ineligible or no pruning; variants at statistical parity
strjoin_str_sort_merge_distinct_10000,expected-parity,str,sort_merge,distinct,10000,234.39,241.22,244.98,235.7,1.033,0.983,1.087,0.992,0.915,1.091,1.012,0.955,1.065,0,0,0,0.0,10209181,4000000,0,0,CometSortMergeJoin,False,Dynamic filter ineligible or no pruning; variants at statistical parity
strjoin_long_broadcast_plain_1000,expected-parity,long,broadcast,plain,1000,77.28,72.46,76.26,72.17,1.034,0.945,1.145,1.046,0.933,1.159,1.051,0.982,1.137,0,0,0,0.0,12485275,4000000,0,0,SparkBroadcastHashJoin,False,Dynamic filter ineligible or no pruning; variants at statistical parity
strjoin_long_shuffled_hash_plain_40000,under-delivers,long,shuffled_hash,plain,40000,117.13,120.99,114.99,128.32,1.036,0.938,1.155,0.963,0.863,1.037,0.965,0.867,1.127,4000000,3960000,0,5.79,12485275,4000000,0,0,CometHashJoin,True,Batch filter pruned 3960000/4000000 rows (99.0%) but post-shuffle costs dominate
strjoin_long_broadcast_distinct_10000,expected-parity,long,broadcast,distinct,10000,84.21,82.31,85.39,81.96,1.043,0.921,1.24,0.964,0.834,1.112,1.059,0.987,1.13,0,0,0,0.0,12485275,4000000,0,0,SparkBroadcastHashJoin,False,Dynamic filter ineligible or no pruning; variants at statistical parity
strjoin_long_sort_merge_plain_1000,expected-parity,long,sort_merge,plain,1000,149.42,149.37,139.39,146.57,1.044,0.948,1.189,1.07,0.954,1.203,0.985,0.928,1.044,0,0,0,0.0,12485275,4000000,0,0,CometSortMergeJoin,False,Dynamic filter ineligible or no pruning; variants at statistical parity
strjoin_str_broadcast_plain_1000,expected-parity,str,broadcast,plain,1000,200.91,199.18,189.74,192.01,1.048,0.988,1.124,1.066,0.926,1.208,1.017,0.939,1.121,0,0,0,0.0,10209181,4000000,0,0,SparkBroadcastHashJoin,False,Dynamic filter ineligible or no pruning; variants at statistical parity
strjoin_long_sort_merge_distinct_100000,expected-parity,long,sort_merge,distinct,100000,177.27,171.15,170.3,173.78,1.05,0.988,1.145,1.076,1.013,1.152,0.993,0.925,1.059,0,0,0,0.0,12485275,4000000,0,0,CometSortMergeJoin,False,Dynamic filter ineligible or no pruning; variants at statistical parity
strjoin_int_broadcast_plain_40000,expected-parity,int,broadcast,plain,40000,91.61,100.12,82.88,85.2,1.051,0.856,1.331,1.044,0.963,1.154,0.954,0.823,1.08,0,0,0,0.0,19078852,4000000,0,0,SparkBroadcastHashJoin,False,Dynamic filter ineligible or no pruning; variants at statistical parity
strjoin_int_shuffled_hash_plain_500000,under-delivers,int,shuffled_hash,plain,500000,122.81,137.09,133.01,137.9,1.056,0.914,1.224,0.981,0.857,1.118,0.975,0.849,1.134,4000000,3500000,0,5.43,19078852,4000000,0,0,CometHashJoin,True,Batch filter pruned 3500000/4000000 rows (87.5%) but post-shuffle costs dominate
strjoin_int_broadcast_distinct_40000,pruning-win,int,broadcast,distinct,40000,86.42,87.79,85.85,86.17,1.058,0.98,1.141,1.02,0.962,1.092,1.074,0.975,1.207,0,0,0,0.0,738890,40000,15,1,CometBroadcastHashJoin,True,Pushed down to Iceberg scan reader: 15 files pruned
strjoin_int_broadcast_distinct_3000000,under-delivers,int,broadcast,distinct,3000000,629.84,591.38,554.29,572.34,1.058,1.01,1.116,1.109,1.044,1.179,0.992,0.934,1.088,0,0,0,0.0,15003204,3000000,3,1,CometBroadcastHashJoin,True,Reader pruned 3 files but wall-clock speedup marginal
strjoin_long_sort_merge_distinct_1000000,expected-parity,long,sort_merge,distinct,1000000,373.27,387.5,349.52,349.34,1.066,1.014,1.129,1.056,0.987,1.137,0.991,0.939,1.052,0,0,0,0.0,12485275,4000000,0,0,CometSortMergeJoin,False,Dynamic filter ineligible or no pruning; variants at statistical parity
strjoin_long_shuffled_hash_distinct_40000,under-delivers,long,shuffled_hash,distinct,40000,124.2,122.14,124.01,123.77,1.072,0.962,1.246,1.016,0.927,1.125,1.028,0.961,1.111,4000000,3960000,0,5.69,12485275,4000000,0,0,CometHashJoin,True,Batch filter pruned 3960000/4000000 rows (99.0%) but post-shuffle costs dominate
strjoin_int_broadcast_distinct_1000,pruning-win,int,broadcast,distinct,1000,70.46,69.59,65.53,63.52,1.074,0.953,1.209,0.961,0.815,1.107,1.061,0.947,1.213,0,0,0,0.0,685711,1000,15,1,CometBroadcastHashJoin,True,Pushed down to Iceberg scan reader: 15 files pruned
strjoin_long_broadcast_distinct_1000,expected-parity,long,broadcast,distinct,1000,84.78,79.72,73.58,73.03,1.076,1.015,1.136,1.046,0.913,1.171,1.052,0.961,1.157,0,0,0,0.0,12485275,4000000,0,0,SparkBroadcastHashJoin,False,Dynamic filter ineligible or no pruning; variants at statistical parity
strjoin_int_shuffled_hash_plain_100000,under-delivers,int,shuffled_hash,plain,100000,88.05,97.52,93.06,91.43,1.091,1.012,1.192,0.998,0.92,1.096,1.011,0.951,1.072,4000000,3900000,0,5.51,19078852,4000000,0,0,CometHashJoin,True,Batch filter pruned 3900000/4000000 rows (97.5%) but post-shuffle costs dominate
strjoin_int_broadcast_distinct_10000,pruning-win,int,broadcast,distinct,10000,81.29,71.35,70.97,65.05,1.121,1.061,1.183,1.092,0.912,1.289,1.158,1.031,1.354,0,0,0,0.0,685711,10000,15,1,CometBroadcastHashJoin,True,Pushed down to Iceberg scan reader: 15 files pruned
strjoin_long_broadcast_distinct_40000,expected-parity,long,broadcast,distinct,40000,82.27,88.32,84.46,83.59,1.128,0.964,1.37,0.944,0.856,1.022,1.043,0.954,1.173,0,0,0,0.0,12485275,4000000,0,0,SparkBroadcastHashJoin,False,Dynamic filter ineligible or no pruning; variants at statistical parity
strjoin_str_broadcast_distinct_100000,baseline-invalid,str,broadcast,distinct,100000,,,145.5,151.9,,,,,,,0.897,0.777,1.023,0,0,0,0.0,10209181,4000000,0,0,CometBroadcastHashJoin,False,Baseline failed with broadcast coalescing bug (mismatch / OversizedAllocationException)
strjoin_str_broadcast_distinct_1000000,baseline-invalid,str,broadcast,distinct,1000000,,,568.77,551.76,,,,,,,1.038,0.966,1.126,0,0,0,0.0,10209181,4000000,0,0,CometBroadcastHashJoin,False,Baseline failed with broadcast coalescing bug (mismatch / OversizedAllocationException)
strjoin_str_broadcast_distinct_500000,baseline-invalid,str,broadcast,distinct,500000,,,302.84,357.0,,,,,,,0.922,0.867,0.98,0,0,0,0.0,10209181,4000000,0,0,CometBroadcastHashJoin,False,Baseline failed with broadcast coalescing bug (mismatch / OversizedAllocationException)
strjoin_str_broadcast_distinct_40000,baseline-invalid,str,broadcast,distinct,40000,,,104.39,105.23,,,,,,,0.925,0.794,1.057,0,0,0,0.0,10209181,4000000,0,0,CometBroadcastHashJoin,False,Baseline failed with broadcast coalescing bug (mismatch / OversizedAllocationException)
strjoin_str_broadcast_distinct_3000000,baseline-invalid,str,broadcast,distinct,3000000,,,1364.49,1395.58,,,,,,,0.973,0.954,0.992,0,0,0,0.0,10209181,4000000,0,0,CometBroadcastHashJoin,False,Baseline failed with broadcast coalescing bug (mismatch / OversizedAllocationException)
